"HouseStyle","No_of_Bedrooms","Full_Bath","Half_Bath","Total_Sqft","Garage_Type","FirstExterior","SecondExterior","Overall_Condition","Overall_Quality"
"2Story",3,2,1,3420,"Attchd","VinylSd","VinylSd",5,7
"1Story",3,2,0,2524,"Attchd","MetalSd","MetalSd",8,6
"2Story",3,2,1,3572,"Attchd","VinylSd","VinylSd",5,7
"2Story",3,1,0,3434,"Detchd","Wd Sdng","Wd Shng",5,7
"2Story",4,2,1,4396,"Attchd","VinylSd","VinylSd",5,8
"1.5Fin",1,1,1,2724,"Attchd","VinylSd","VinylSd",5,5
"1Story",3,2,0,3388,"Attchd","VinylSd","VinylSd",5,8
"2Story",3,2,1,4180,"Attchd","HdBoard","HdBoard",6,7
"1.5Fin",2,2,0,3548,"Detchd","BrkFace","Wd Shng",5,7
"1.5Unf",2,1,0,2154,"Attchd","MetalSd","MetalSd",6,5
"1Story",3,1,0,2080,"Detchd","HdBoard","HdBoard",5,5
"2Story",4,3,0,4648,"BuiltIn","WdShing","Wd Shng",5,9
"1Story",2,1,0,1824,"Detchd","HdBoard","Plywood",6,5
"1Story",3,2,0,2988,"Attchd","VinylSd","VinylSd",5,7
"1Story",2,1,1,2506,"Attchd","MetalSd","MetalSd",5,6
"1.5Unf",2,1,0,1708,"Detchd","Wd Sdng","Wd Sdng",8,7
"1Story",2,1,0,2008,"Attchd","Wd Sdng","Wd Sdng",7,6
"1Story",2,2,0,2592,"CarPort","MetalSd","MetalSd",5,4
"1Story",3,1,1,2228,"Detchd","VinylSd","VinylSd",5,5
"1Story",3,1,0,2678,"Attchd","BrkFace","Plywood",6,5
"2Story",4,3,1,4752,"BuiltIn","VinylSd","VinylSd",5,8
"1.5Unf",3,1,0,2216,"Attchd","Wd Sdng","Wd Sdng",7,7
"1Story",3,2,0,3590,"Attchd","VinylSd","VinylSd",5,8
"1Story",3,1,0,2120,"Attchd","CemntBd","CmentBd",7,5
"1Story",3,1,0,2120,"Attchd","Plywood","Plywood",8,5
"1Story",3,2,0,3200,"Attchd","VinylSd","VinylSd",5,8
"1Story",3,1,0,1800,"Detchd","Wd Sdng","Wd Sdng",7,5
"1Story",3,2,0,3408,"Attchd","VinylSd","VinylSd",5,8
"1Story",2,1,0,3200,"Attchd","MetalSd","MetalSd",6,5
"1Story",1,1,0,1040,"Detchd","MetalSd","MetalSd",6,4
"2Story",3,1,0,2634,"Detchd","BrkFace","BrkFace",4,4
"1Story",3,1,1,2456,"Attchd","HdBoard","HdBoard",6,5
"1Story",3,2,0,2468,"Attchd","VinylSd","VinylSd",5,8
"1Story",4,1,1,3400,"Attchd","BrkFace","BrkFace",5,5
"1Story",2,2,0,3122,"Attchd","MetalSd","MetalSd",5,9
"2Story",4,3,1,4904,"BuiltIn","VinylSd","VinylSd",5,8
"1Story",3,1,1,2194,"Attchd","VinylSd","VinylSd",5,5
"1Story",3,1,0,2594,"Attchd","Wd Sdng","Wd Sdng",6,5
"1Story",3,1,0,2114,"Detchd","VinylSd","VinylSd",7,5
"1Story",2,2,0,2304,"0","AsbShng","Plywood",5,4
"1Story",3,2,0,2648,"Attchd","Wd Sdng","Wd Sdng",5,6
"1Story",2,1,1,2656,"Attchd","VinylSd","VinylSd",6,5
"SFoyer",2,1,0,1768,"Attchd","HdBoard","HdBoard",7,5
"1Story",3,1,0,1876,"Detchd","VinylSd","VinylSd",6,5
"1Story",3,1,0,2300,"Attchd","BrkFace","Wd Sdng",6,5
"1Story",2,2,0,3504,"Attchd","MetalSd","MetalSd",5,9
"1.5Fin",1,1,1,4298,"Attchd","VinylSd","VinylSd",5,7
"1Story",3,2,0,3312,"Attchd","VinylSd","VinylSd",5,8
"2Story",2,2,0,2904,"0","MetalSd","MetalSd",5,4
"1Story",3,1,0,1910,"Attchd","HdBoard","HdBoard",7,5
"2Story",3,2,0,2940,"Attchd","VinylSd","VinylSd",6,6
"1.5Fin",3,1,0,1992,"Detchd","Wd Sdng","Wd Sdng",6,6
"1Story",2,1,0,1632,"CarPort","Wd Sdng","Wd Sdng",5,5
"1Story",0,0,1,3684,"Attchd","WdShing","Wd Shng",5,9
"SLvl",3,1,0,2720,"Detchd","MetalSd","MetalSd",5,5
"1Story",3,2,0,2850,"Attchd","HdBoard","Plywood",5,6
"2Story",3,2,1,3478,"Attchd","MetalSd","MetalSd",5,8
"2Story",3,2,1,3440,"Attchd","VinylSd","VinylSd",5,7
"2Story",3,3,1,5890,"BuiltIn","VinylSd","VinylSd",5,10
"1Story",2,1,0,1560,"Detchd","HdBoard","HdBoard",7,5
"1Story",3,1,1,2316,"Detchd","VinylSd","VinylSd",5,6
"2.5Unf",3,1,0,2222,"Detchd","MetalSd","MetalSd",7,5
"1Story",2,2,0,2740,"Attchd","VinylSd","VinylSd",5,8
"2Story",3,2,0,3420,"Detchd","Stucco","Stucco",6,7
"2Story",3,2,1,4068,"Attchd","VinylSd","VinylSd",5,7
"2Story",4,2,1,4946,"BuiltIn","VinylSd","VinylSd",5,8
"1Story",3,2,0,4414,"Attchd","Plywood","Plywood",5,7
"1Story",3,2,0,2958,"Attchd","VinylSd","VinylSd",5,7
"1Story",2,1,0,1494,"Attchd","MetalSd","MetalSd",6,4
"1.5Fin",3,2,0,4574,"Attchd","BrkFace","AsbShng",4,7
"1Story",3,2,0,4446,"Attchd","Plywood","Plywood",6,7
"1Story",2,1,0,1690,"Detchd","HdBoard","Plywood",6,4
"2Story",3,2,1,3436,"Attchd","VinylSd","VinylSd",5,7
"1Story",3,1,0,2172,"Attchd","Wd Sdng","Wd Sdng",7,5
"2Story",3,2,0,3210,"Detchd","VinylSd","VinylSd",6,3
"SLvl",2,1,0,1976,"BuiltIn","CemntBd","CmentBd",5,4
"1Story",2,1,0,1904,"Detchd","VinylSd","VinylSd",7,4
"1.5Fin",2,1,0,2570,"Detchd","Wd Sdng","Wd Sdng",5,5
"1Story",4,2,0,3536,"0","HdBoard","HdBoard",5,4
"2Story",2,1,1,2460,"Detchd","Wd Sdng","Wd Sdng",6,5
"2Story",4,2,1,4284,"Attchd","VinylSd","VinylSd",6,6
"1Story",2,2,0,2674,"Attchd","VinylSd","VinylSd",5,6
"1Story",3,2,0,3126,"Attchd","VinylSd","VinylSd",5,8
"1Story",3,1,1,2130,"Detchd","MetalSd","MetalSd",5,5
"SLvl",3,2,1,2948,"BuiltIn","HdBoard","HdBoard",5,7
"2Story",4,2,1,4834,"Attchd","HdBoard","HdBoard",5,8
"2Story",3,2,1,3120,"BuiltIn","VinylSd","VinylSd",5,6
"2Story",2,2,1,2448,"Detchd","VinylSd","VinylSd",5,6
"1.5Fin",2,1,0,2539,"0","Plywood","Plywood",2,3
"1Story",3,1,0,1980,"0","VinylSd","VinylSd",5,4
"1Story",2,1,0,2080,"Detchd","BrkFace","Wd Sdng",5,4
"1Story",2,1,0,2470,"Attchd","HdBoard","HdBoard",3,5
"1Story",2,1,0,1928,"Detchd","Wd Sdng","Wd Sdng",7,5
"2.5Unf",4,2,0,4582,"Detchd","MetalSd","MetalSd",6,6
"2Story",3,2,1,3572,"Attchd","VinylSd","VinylSd",5,6
"2Story",3,2,1,2940,"BuiltIn","VinylSd","VinylSd",8,6
"1Story",3,2,0,3176,"Attchd","VinylSd","VinylSd",5,7
"1Story",3,1,0,1920,"Attchd","HdBoard","HdBoard",5,4
"1Story",2,1,0,1670,"Basment","Wd Sdng","Wd Sdng",5,5
"1Story",3,1,1,2450,"0","Plywood","Plywood",5,4
"1Story",3,2,0,3220,"Attchd","Plywood","Plywood",7,6
"2Story",3,2,1,3464,"Attchd","HdBoard","HdBoard",5,6
"1Story",4,2,0,3070,"Attchd","HdBoard","HdBoard",5,5
"1Story",3,2,0,2452,"Attchd","VinylSd","VinylSd",5,7
"1.5Fin",4,1,1,3636,"Detchd","Stucco","Stucco",4,7
"2Story",3,2,1,3984,"Attchd","VinylSd","VinylSd",5,8
"1Story",2,1,0,2094,"Detchd","VinylSd","VinylSd",7,4
"1Story",2,1,0,1578,"Detchd","VinylSd","VinylSd",5,5
"1.5Fin",3,2,0,3034,"0","CemntBd","CmentBd",7,5
"1Story",3,2,0,3688,"Attchd","Plywood","Plywood",6,6
"1.5Fin",4,2,0,3710,"Attchd","Wd Sdng","Wd Sdng",4,6
"SLvl",3,2,1,2860,"BuiltIn","VinylSd","VinylSd",5,7
"2Story",4,2,1,5392,"BuiltIn","VinylSd","VinylSd",5,7
"1Story",3,2,0,4518,"Basment","Wd Sdng","Wd Sdng",5,6
"2Story",3,2,1,4640,"Detchd","Wd Sdng","Wd Sdng",8,6
"2Story",2,2,1,2916,"Detchd","MetalSd","MetalSd",5,6
"1Story",3,1,0,2184,"Attchd","Wd Sdng","Wd Sdng",5,5
"1Story",2,1,1,2250,"Attchd","VinylSd","VinylSd",5,5
"2Story",5,3,0,6444,"Attchd","Plywood","Plywood",5,7
"2Story",3,2,1,2912,"Attchd","VinylSd","VinylSd",5,6
"SLvl",1,1,0,1976,"Attchd","Plywood","Plywood",5,6
"1.5Fin",3,1,0,2246,"Detchd","AsbShng","AsbShng",5,4
"1Story",3,1,0,2160,"Attchd","MetalSd","MetalSd",7,6
"1Story",2,2,0,2398,"Attchd","Plywood","Plywood",5,6
"1Story",3,2,0,3172,"Attchd","HdBoard","HdBoard",5,6
"1.5Fin",2,1,0,1274,"0","Wd Sdng","Wd Sdng",8,6
"1Story",2,2,0,1916,"Attchd","Plywood","Plywood",5,6
"1.5Unf",3,1,0,1680,"0","WdShing","Wd Sdng",7,5
"2Story",3,1,1,2696,"Attchd","VinylSd","VinylSd",5,6
"1Story",3,1,1,2106,"2Types","Plywood","Plywood",7,5
"2Story",4,2,1,4314,"Attchd","MetalSd","MetalSd",6,7
"2Story",3,2,1,4108,"BuiltIn","VinylSd","VinylSd",5,6
"1Story",3,1,0,2654,"Detchd","MetalSd","MetalSd",6,5
"1Story",2,2,0,2592,"Attchd","VinylSd","VinylSd",5,8
"1Story",3,2,1,3442,"Attchd","Plywood","Plywood",6,5
"1Story",3,2,0,3364,"Attchd","Plywood","Plywood",6,7
"1Story",3,2,0,2428,"Attchd","MetalSd","MetalSd",5,5
"1Story",5,3,0,3918,"2Types","VinylSd","VinylSd",5,7
"2Story",3,2,1,3704,"Attchd","VinylSd","VinylSd",5,8
"2Story",3,2,1,3528,"Attchd","VinylSd","VinylSd",5,6
"1Story",3,1,0,1728,"0","HdBoard","HdBoard",5,4
"1Story",3,2,0,3468,"Attchd","VinylSd","VinylSd",5,7
"1.5Fin",4,2,0,2770,"Detchd","BrkFace","Wd Sdng",4,5
"1Story",3,2,0,3002,"Attchd","VinylSd","VinylSd",5,7
"1Story",6,2,0,3456,"Detchd","HdBoard","HdBoard",5,5
"2Story",3,2,0,3418,"Detchd","VinylSd","VinylSd",5,6
"1Story",2,1,0,1750,"Detchd","Wd Sdng","Wd Sdng",7,5
"2Story",3,2,1,4070,"BuiltIn","VinylSd","VinylSd",5,7
"1Story",3,1,0,2160,"0","VinylSd","VinylSd",5,7
"1.5Fin",3,1,0,2688,"Detchd","MetalSd","MetalSd",4,5
"1Story",3,1,1,1938,"Attchd","HdBoard","HdBoard",6,5
"1Story",2,2,0,3420,"Attchd","VinylSd","VinylSd",5,8
"2Story",4,2,1,3986,"Attchd","HdBoard","HdBoard",5,6
"1Story",1,1,0,2504,"Attchd","BrkFace","Plywood",7,6
"1Story",4,1,0,2400,"Detchd","Wd Sdng","Wd Sdng",5,6
"1.5Fin",2,1,0,2192,"0","Wd Sdng","Wd Sdng",5,6
"1Story",2,1,0,2080,"Detchd","Wd Sdng","Wd Sdng",7,5
"2Story",4,2,1,3936,"BuiltIn","VinylSd","VinylSd",5,8
"2Story",3,2,1,3894,"Attchd","VinylSd","VinylSd",5,7
"2Story",4,2,1,4924,"Attchd","VinylSd","VinylSd",5,7
"1Story",3,2,0,2464,"Attchd","Plywood","Plywood",6,6
"2Story",3,2,1,5336,"BuiltIn","VinylSd","VinylSd",5,9
"1Story",3,2,0,3082,"Attchd","VinylSd","VinylSd",5,7
"1.5Unf",1,1,0,1764,"0","MetalSd","MetalSd",6,4
"1Story",3,2,0,3232,"Detchd","MetalSd","MetalSd",7,6
"1.5Fin",4,2,0,2710,"0","Wd Sdng","Wd Sdng",7,5
"1Story",2,1,0,3734,"Attchd","Wd Sdng","Wd Sdng",5,5
"2Story",3,1,1,4322,"Attchd","VinylSd","VinylSd",5,8
"2Story",3,2,1,3440,"Attchd","VinylSd","VinylSd",5,7
"1Story",2,2,1,3414,"Attchd","Plywood","Plywood",6,8
"1.5Fin",2,1,1,2236,"Detchd","MetalSd","MetalSd",6,5
"1Story",3,1,0,3312,"Attchd","BrkFace","Plywood",5,6
"2Story",2,2,0,3534,"Attchd","HdBoard","HdBoard",7,7
"1Story",3,1,1,2724,"Attchd","WdShing","Wd Shng",5,6
"1Story",3,2,0,3302,"Attchd","VinylSd","Plywood",5,6
"1Story",4,2,0,4316,"Attchd","WdShing","Wd Shng",7,6
"2Story",4,2,1,4120,"Attchd","Plywood","Plywood",5,6
"1.5Fin",4,2,0,3840,"Attchd","MetalSd","MetalSd",5,5
"1Story",1,2,0,4468,"Attchd","VinylSd","VinylSd",5,9
"1Story",2,1,0,1936,"Detchd","Wd Sdng","Wd Sdng",6,5
"2Story",3,2,1,3050,"Detchd","MetalSd","MetalSd",5,6
"2Story",4,1,1,3604,"Detchd","Stucco","Stucco",6,7
"1Story",3,1,0,2680,"Attchd","Wd Sdng","Wd Sdng",6,5
"1.5Fin",3,2,1,4164,"Detchd","VinylSd","VinylSd",5,7
"1.5Fin",3,1,0,2504,"Attchd","AsbShng","Plywood",8,5
"2.5Fin",4,2,1,6644,"Detchd","Wd Sdng","Wd Sdng",9,10
"SLvl",3,2,0,2434,"Attchd","HdBoard","HdBoard",5,7
"1.5Fin",3,2,1,3168,"Detchd","HdBoard","HdBoard",7,5
"SFoyer",2,0,2,2448,"Detchd","Plywood","Plywood",5,5
"1Story",0,1,1,3186,"Attchd","CemntBd","CmentBd",5,8
"2Story",3,2,1,5454,"Detchd","BrkFace","BrkFace",8,8
"2Story",4,1,1,2958,"Attchd","HdBoard","HdBoard",9,7
"1Story",3,2,0,2862,"Attchd","VinylSd","VinylSd",5,7
"2Story",3,2,0,3418,"Detchd","VinylSd","VinylSd",5,7
"1Story",3,1,0,1728,"Detchd","HdBoard","HdBoard",7,5
"2Story",3,2,1,2912,"Attchd","Plywood","Brk Cmn",6,6
"1Story",3,2,0,3452,"Attchd","CemntBd","CmentBd",5,7
"2Story",4,2,0,5832,"Detchd","Stucco","Stucco",4,8
"2.5Fin",5,1,0,4087,"0","Wd Sdng","Wd Sdng",6,6
"1Story",3,2,0,3426,"Attchd","VinylSd","VinylSd",5,8
"1Story",2,2,0,2242,"Attchd","VinylSd","VinylSd",5,4
"1Story",3,2,0,2558,"Detchd","Plywood","Plywood",6,6
"1.5Fin",2,2,0,2620,"Attchd","MetalSd","MetalSd",6,6
"1Story",1,1,0,1696,"Attchd","VinylSd","VinylSd",5,6
"1.5Fin",2,1,1,2568,"Detchd","AsbShng","AsbShng",7,5
"1Story",3,2,0,2884,"Attchd","HdBoard","HdBoard",5,7
"1Story",3,1,1,3392,"Attchd","HdBoard","HdBoard",5,5
"1Story",3,1,0,2200,"Attchd","Wd Sdng","Wd Sdng",5,4
"2Story",3,2,1,4124,"Attchd","Plywood","Plywood",5,7
"1Story",3,1,0,2184,"Attchd","HdBoard","HdBoard",7,6
"1Story",2,1,0,1728,"0","Stucco","Stucco",6,5
"1Story",3,2,0,2424,"Attchd","VinylSd","VinylSd",5,6
"2Story",3,2,1,3704,"Attchd","VinylSd","VinylSd",5,7
"1Story",3,1,0,1980,"Attchd","VinylSd","VinylSd",5,5
"2Story",3,1,1,2784,"Attchd","HdBoard","HdBoard",7,6
"1Story",2,1,0,2472,"Attchd","HdBoard","HdBoard",6,5
"1Story",3,2,0,2872,"Attchd","VinylSd","VinylSd",5,7
"2Story",3,1,0,2656,"Detchd","MetalSd","MetalSd",4,4
"1.5Fin",3,1,1,3908,"Attchd","VinylSd","VinylSd",9,7
"1Story",2,2,0,2496,"Attchd","VinylSd","VinylSd",5,7
"1Story",2,2,0,2996,"Attchd","VinylSd","VinylSd",5,7
"2Story",4,2,1,4534,"BuiltIn","VinylSd","VinylSd",5,6
"2Story",3,2,1,3104,"Attchd","VinylSd","VinylSd",6,6
"1Story",2,1,0,1728,"Detchd","HdBoard","HdBoard",6,4
"1Story",3,2,0,4784,"Attchd","VinylSd","VinylSd",5,10
"2Story",3,2,1,2604,"Detchd","HdBoard","HdBoard",5,5
"2Story",4,2,1,5040,"Attchd","VinylSd","VinylSd",5,7
"2Story",2,1,1,1974,"Detchd","HdBoard","HdBoard",6,6
"1Story",3,1,0,1824,"Detchd","HdBoard","HdBoard",5,5
"1Story",2,2,0,3110,"Attchd","VinylSd","VinylSd",5,7
"1Story",3,1,0,2388,"Attchd","MetalSd","MetalSd",6,6
"2Story",4,2,1,5588,"Attchd","VinylSd","VinylSd",5,8
"2Story",2,1,1,1974,"Attchd","HdBoard","HdBoard",5,6
"1Story",3,1,0,1788,"Attchd","HdBoard","HdBoard",6,5
"2Story",4,2,1,3920,"BuiltIn","VinylSd","VinylSd",5,6
"2Story",2,1,1,1974,"Detchd","HdBoard","HdBoard",3,6
"1Story",3,2,0,2828,"Attchd","VinylSd","VinylSd",5,7
"2Story",3,2,1,3488,"Attchd","HdBoard","HdBoard",7,7
"1Story",3,2,0,3388,"Attchd","VinylSd","VinylSd",5,8
"1.5Fin",3,1,1,2974,"Detchd","VinylSd","VinylSd",4,6
"1Story",3,2,0,3132,"Attchd","VinylSd","VinylSd",5,8
"1Story",2,1,0,1732,"0","VinylSd","VinylSd",9,5
"1.5Fin",3,1,0,2880,"Attchd","Wd Sdng","Wd Sdng",4,5
"2Story",3,1,1,2434,"Attchd","Plywood","Plywood",6,6
"2Story",3,2,1,4220,"Attchd","VinylSd","VinylSd",5,7
"1Story",3,2,0,3744,"Attchd","Wd Sdng","Wd Sdng",5,7
"2Story",4,2,0,3856,"Detchd","AsbShng","AsbShng",8,6
"1Story",2,1,0,2750,"Attchd","Wd Sdng","BrkFace",5,6
"2Story",3,2,1,3336,"Attchd","VinylSd","VinylSd",5,7
"1.5Fin",4,2,0,4288,"Attchd","Wd Sdng","HdBoard",7,6
"1Story",3,1,0,2612,"0","Wd Sdng","Plywood",2,3
"1Story",2,2,0,3250,"Attchd","VinylSd","VinylSd",5,8
"2Story",3,2,1,3280,"Attchd","VinylSd","VinylSd",5,6
"SLvl",3,2,0,2604,"Attchd","HdBoard","HdBoard",7,6
"1Story",3,1,0,2628,"Attchd","MetalSd","MetalSd",6,5
"2Story",4,2,1,4582,"BuiltIn","VinylSd","VinylSd",5,7
"2Story",3,2,1,3456,"Attchd","VinylSd","VinylSd",5,6
"1Story",3,2,1,3208,"Attchd","VinylSd","VinylSd",5,7
"2Story",3,2,1,3584,"Attchd","VinylSd","VinylSd",5,7
"1Story",2,1,0,1764,"Detchd","BrkFace","BrkFace",5,5
"SLvl",3,1,0,2764,"Attchd","Wd Sdng","Wd Sdng",5,6
"2Story",3,2,1,5148,"BuiltIn","CemntBd","CmentBd",5,8
"SLvl",3,1,0,2424,"Attchd","HdBoard","Plywood",7,6
"1.5Fin",3,1,0,2242,"Detchd","Wd Sdng","Wd Sdng",7,5
"1Story",2,1,0,1528,"Detchd","Wd Sdng","Wd Sdng",5,5
"1Story",3,2,0,2844,"Attchd","MetalSd","MetalSd",6,6
"2Story",3,2,1,3022,"Attchd","VinylSd","VinylSd",5,6
"2.5Fin",4,2,1,3964,"Detchd","Wd Sdng","Wd Sdng",8,5
"1Story",2,1,0,1556,"Detchd","VinylSd","VinylSd",6,5
"1Story",3,1,1,2226,"Attchd","HdBoard","HdBoard",7,6
"2Story",3,2,1,3878,"Attchd","VinylSd","VinylSd",5,8
"1Story",2,1,0,2726,"Attchd","Plywood","Plywood",7,7
"2Story",4,2,1,4540,"Attchd","VinylSd","VinylSd",7,8
"1Story",3,2,0,3264,"Attchd","Wd Sdng","Wd Sdng",6,6
"1Story",2,1,0,1632,"Attchd","HdBoard","ImStucc",7,5
"1.5Fin",3,2,1,3096,"Detchd","Wd Sdng","Wd Sdng",7,7
"1Story",3,2,0,3120,"Attchd","VinylSd","VinylSd",5,7
"1Story",2,1,0,1728,"Detchd","VinylSd","VinylSd",5,4
"1Story",3,2,1,4242,"Attchd","CemntBd","CmentBd",5,9
"2Story",4,2,1,4044,"Attchd","Plywood","Plywood",5,7
"2Story",3,2,1,3964,"Attchd","Plywood","Plywood",6,7
"1Story",2,2,0,2524,"Attchd","VinylSd","VinylSd",5,6
"1Story",2,2,0,2628,"Attchd","VinylSd","VinylSd",5,7
"1Story",3,2,0,2936,"Attchd","VinylSd","VinylSd",5,8
"1Story",2,2,0,3150,"Attchd","Plywood","ImStucc",5,6
"2Story",2,2,1,2500,"Detchd","MetalSd","MetalSd",5,7
"1.5Fin",3,1,1,3468,"Attchd","Wd Sdng","Wd Sdng",7,6
"1Story",3,1,0,1716,"0","HdBoard","HdBoard",4,4
"1Story",3,1,0,1800,"Detchd","MetalSd","MetalSd",5,5
"2Story",3,1,0,2792,"Detchd","Wd Sdng","Wd Sdng",7,6
"2Story",3,2,1,3838,"Attchd","VinylSd","VinylSd",5,8
"2Story",6,2,0,3432,"0","VinylSd","VinylSd",6,5
"1.5Fin",3,1,1,3432,"Attchd","Wd Sdng","Wd Sdng",4,5
"2Story",3,2,1,4526,"Attchd","Plywood","Plywood",7,7
"1Story",3,1,0,3288,"Attchd","HdBoard","HdBoard",5,6
"SLvl",3,1,0,2006,"Detchd","HdBoard","HdBoard",6,6
"1.5Fin",4,1,1,3116,"Attchd","Wd Sdng","Wd Sdng",5,5
"2Story",3,2,1,3900,"Detchd","VinylSd","VinylSd",5,7
"2Story",3,1,2,3486,"Attchd","HdBoard","AsphShn",6,6
"1Story",3,1,0,2304,"Attchd","HdBoard","HdBoard",8,6
"1Story",2,1,0,2672,"Attchd","MetalSd","MetalSd",5,5
"2Story",4,2,1,4904,"BuiltIn","VinylSd","VinylSd",5,8
"1Story",3,2,0,3082,"Attchd","VinylSd","VinylSd",5,7
"1Story",3,1,0,1788,"Attchd","VinylSd","VinylSd",7,5
"2.5Fin",3,3,0,6986,"Attchd","CemntBd","CmentBd",9,7
"1Story",3,2,0,4000,"Attchd","CemntBd","CmentBd",5,8
"2Story",4,2,1,4486,"Attchd","HdBoard","Plywood",5,7
"1.5Fin",3,1,0,2812,"0","MetalSd","MetalSd",7,6
"1Story",1,1,0,1722,"Detchd","VinylSd","VinylSd",5,4
"1Story",3,2,0,3888,"Attchd","VinylSd","VinylSd",5,9
"2Story",3,2,1,3002,"Attchd","HdBoard","HdBoard",5,6
"1Story",2,1,0,1944,"Detchd","VinylSd","VinylSd",6,6
"1.5Fin",3,1,0,2236,"Detchd","MetalSd","MetalSd",7,5
"1Story",3,2,0,4072,"Attchd","BrkFace","BrkFace",5,7
"2Story",3,1,1,3282,"Detchd","Wd Sdng","Wd Sdng",7,7
"2Story",3,2,1,2864,"Attchd","VinylSd","VinylSd",5,7
"2Story",4,2,1,4706,"Attchd","CemntBd","CmentBd",7,7
"2Story",3,2,1,3918,"Attchd","VinylSd","VinylSd",5,8
"2Story",4,2,1,5292,"Attchd","HdBoard","HdBoard",5,7
"SLvl",3,2,0,2944,"Attchd","Plywood","Plywood",5,7
"2Story",4,3,1,5192,"Attchd","VinylSd","VinylSd",5,9
"2Story",4,2,1,4936,"BuiltIn","VinylSd","VinylSd",5,8
"2Story",4,2,1,5460,"Attchd","Plywood","Plywood",5,7
"1Story",3,1,0,2326,"Attchd","VinylSd","VinylSd",8,3
"SLvl",5,2,1,5956,"BuiltIn","Wd Sdng","Wd Sdng",7,7
"1.5Unf",2,1,0,1606,"Detchd","MetalSd","MetalSd",6,5
"1Story",1,1,1,3438,"Attchd","BrkFace","BrkFace",5,8
"1Story",3,1,1,2766,"Attchd","Wd Sdng","Wd Sdng",5,6
"2.5Unf",5,2,0,4268,"Detchd","Wd Sdng","Wd Shng",6,6
"2Story",3,1,0,2384,"Detchd","Wd Sdng","Wd Shng",5,5
"1Story",6,2,0,3456,"Detchd","HdBoard","HdBoard",4,5
"1Story",3,1,0,2112,"Attchd","Wd Sdng","Wd Sdng",6,5
"1Story",3,2,0,3258,"Attchd","VinylSd","VinylSd",5,8
"1Story",2,2,0,2716,"Attchd","VinylSd","VinylSd",5,7
"2Story",3,2,1,3276,"Attchd","VinylSd","VinylSd",5,6
"1.5Fin",3,2,0,3572,"Attchd","Plywood","Plywood",6,5
"1Story",3,2,0,3844,"Attchd","VinylSd","VinylSd",5,9
"1Story",3,2,0,3072,"Attchd","VinylSd","VinylSd",5,7
"1Story",3,2,0,3242,"Attchd","Wd Sdng","Wd Sdng",7,7
"1Story",3,1,0,2430,"Attchd","Wd Sdng","Wd Sdng",7,6
"2Story",4,2,1,3816,"Attchd","VinylSd","VinylSd",5,8
"1Story",2,1,0,1682,"CarPort","Wd Sdng","AsbShng",4,4
"1Story",2,2,0,2080,"Detchd","Stucco","Stucco",4,3
"1Story",2,2,0,3368,"Attchd","MetalSd","MetalSd",5,9
"2Story",3,1,1,2224,"Attchd","CemntBd","CmentBd",3,5
"1.5Fin",3,1,0,3154,"Detchd","MetalSd","MetalSd",5,6
"1Story",2,1,0,1916,"Attchd","MetalSd","MetalSd",8,6
"1Story",3,2,0,2956,"Attchd","Wd Sdng","Wd Sdng",5,6
"2Story",2,2,1,3252,"BuiltIn","VinylSd","Wd Shng",5,7
"2Story",4,2,1,5456,"Attchd","CemntBd","CmentBd",5,9
"1Story",2,2,0,3738,"Attchd","MetalSd","MetalSd",5,9
"1Story",2,1,1,2906,"Attchd","Wd Sdng","Wd Sdng",5,7
"1.5Fin",3,1,0,2222,"Detchd","VinylSd","VinylSd",6,5
"1Story",2,1,0,1440,"Detchd","VinylSd","VinylSd",8,6
"1.5Fin",2,1,0,3190,"Attchd","Wd Sdng","MetalSd",5,6
"1Story",3,2,0,2400,"Attchd","VinylSd","VinylSd",5,6
"1Story",3,2,0,2334,"Attchd","HdBoard","HdBoard",6,6
"1Story",3,1,1,2284,"Attchd","CemntBd","CmentBd",5,5
"SLvl",3,1,0,2704,"BuiltIn","Wd Sdng","ImStucc",4,5
"2Story",3,2,1,3848,"Attchd","VinylSd","VinylSd",5,8
"SFoyer",2,1,0,1824,"Attchd","VinylSd","VinylSd",6,6
"1.5Fin",3,1,0,3010,"Detchd","MetalSd","MetalSd",5,5
"SFoyer",4,3,0,3844,"BuiltIn","HdBoard","HdBoard",5,7
"2Story",2,1,1,1974,"Detchd","HdBoard","HdBoard",8,6
"2Story",3,2,1,3148,"Attchd","HdBoard","HdBoard",5,6
"2Story",3,1,0,2688,"Detchd","VinylSd","VinylSd",7,5
"1Story",3,1,1,2788,"Attchd","Plywood","Plywood",5,6
"SLvl",3,1,0,2862,"Basment","Plywood","Plywood",5,6
"1Story",2,1,0,2536,"Attchd","HdBoard","HdBoard",6,5
"1Story",3,1,0,2574,"Detchd","Wd Sdng","Wd Sdng",7,5
"2Story",3,2,1,3328,"Attchd","VinylSd","VinylSd",5,6
"1.5Fin",4,2,0,3176,"Detchd","WdShing","Plywood",4,4
"1Story",2,1,0,1504,"Attchd","Plywood","Plywood",5,6
"1Story",3,1,0,2638,"Attchd","MetalSd","MetalSd",6,5
"2Story",4,2,1,3856,"BuiltIn","VinylSd","VinylSd",5,7
"1Story",1,0,1,1808,"0","Wd Sdng","Wd Sdng",1,1
"SFoyer",2,1,0,1828,"Detchd","VinylSd","VinylSd",5,5
"2Story",4,3,0,4932,"Attchd","CemntBd","CmentBd",5,8
"1Story",1,1,1,3712,"Attchd","VinylSd","VinylSd",2,9
"2Story",3,2,1,3600,"Attchd","VinylSd","VinylSd",5,6
"1.5Fin",3,2,0,3382,"Detchd","BrkFace","Wd Sdng",6,5
"1Story",2,2,0,2602,"Attchd","VinylSd","VinylSd",5,7
"2Story",3,2,1,3594,"Attchd","VinylSd","VinylSd",5,7
"1.5Unf",2,1,0,1568,"Detchd","Wd Sdng","Wd Sdng",3,6
"2Story",3,2,1,3906,"Attchd","HdBoard","HdBoard",5,6
"1Story",2,2,0,2538,"Attchd","VinylSd","VinylSd",5,8
"1.5Fin",5,1,0,2368,"0","Wd Sdng","VinylSd",3,5
"SLvl",3,1,0,2250,"Detchd","MetalSd","MetalSd",6,6
"1Story",3,2,0,2958,"Attchd","VinylSd","VinylSd",5,7
"2Story",3,2,1,4664,"BuiltIn","VinylSd","VinylSd",5,10
"1.5Fin",4,1,0,2734,"Detchd","MetalSd","MetalSd",8,5
"2Story",3,2,1,3922,"BuiltIn","VinylSd","VinylSd",5,6
"1Story",3,1,0,1764,"Attchd","MetalSd","MetalSd",7,5
"1Story",2,1,0,1576,"0","WdShing","Wd Shng",5,4
"1.5Fin",2,1,0,2068,"Detchd","MetalSd","MetalSd",6,5
"1Story",3,1,0,2288,"Attchd","Wd Sdng","Wd Sdng",6,5
"1Story",2,1,0,1788,"Detchd","MetalSd","MetalSd",5,5
"2Story",4,2,0,3624,"Attchd","VinylSd","VinylSd",5,5
"1Story",2,1,0,2154,"Detchd","MetalSd","MetalSd",2,5
"2Story",2,2,0,3100,"Attchd","CemntBd","CmentBd",5,7
"1Story",1,1,1,2576,"Attchd","BrkFace","BrkFace",5,8
"1Story",3,2,0,2620,"Attchd","VinylSd","VinylSd",5,7
"1Story",2,1,0,1344,"Detchd","Wd Sdng","Wd Sdng",8,5
"2Story",4,2,1,4526,"BuiltIn","VinylSd","VinylSd",5,8
"2Story",3,2,1,3144,"BuiltIn","MetalSd","MetalSd",5,6
"1Story",3,2,0,3240,"Attchd","Plywood","Plywood",4,4
"1.5Fin",3,1,0,2805,"Detchd","MetalSd","MetalSd",5,6
"2Story",4,2,0,3360,"Attchd","Wd Sdng","Plywood",7,6
"2Story",3,2,1,4344,"Attchd","VinylSd","VinylSd",5,7
"2Story",3,2,1,4156,"Attchd","VinylSd","VinylSd",5,8
"1Story",3,1,0,2552,"Attchd","BrkComm","Brk Cmn",3,5
"1Story",3,1,0,2112,"Attchd","Wd Sdng","Wd Sdng",5,5
"1Story",2,2,1,2956,"Attchd","MetalSd","MetalSd",5,7
"1Story",2,1,0,2056,"Detchd","WdShing","Wd Shng",6,5
"2Story",3,2,1,4194,"Attchd","VinylSd","VinylSd",5,7
"1Story",3,2,0,2680,"Attchd","VinylSd","VinylSd",5,7
"2Story",3,1,1,2800,"Attchd","HdBoard","HdBoard",7,6
"2Story",4,2,1,5248,"Detchd","Wd Sdng","Stucco",6,6
"1.5Fin",3,1,1,2268,"Detchd","MetalSd","MetalSd",6,5
"1Story",3,1,0,2112,"Attchd","VinylSd","VinylSd",6,5
"SFoyer",2,2,0,2688,"Attchd","VinylSd","VinylSd",5,7
"1Story",3,2,0,3204,"Attchd","CemntBd","CmentBd",7,6
"1Story",2,1,0,1976,"Attchd","HdBoard","HdBoard",5,5
"2Story",4,2,1,5260,"Attchd","VinylSd","VinylSd",5,8
"1Story",2,1,0,2392,"Attchd","Wd Sdng","Wd Sdng",5,6
"2Story",3,1,1,2778,"Detchd","HdBoard","HdBoard",8,7
"SLvl",2,2,0,3288,"Attchd","Wd Sdng","Wd Sdng",5,7
"1Story",3,1,0,1814,"Detchd","MetalSd","MetalSd",6,4
"1Story",2,2,0,2416,"Attchd","VinylSd","VinylSd",5,7
"1Story",3,2,0,2824,"Attchd","HdBoard","HdBoard",5,6
"2Story",2,1,1,1974,"Detchd","HdBoard","HdBoard",5,6
"1.5Fin",4,1,0,2396,"0","MetalSd","MetalSd",7,6
"2Story",2,1,1,2730,"Detchd","HdBoard","HdBoard",5,5
"2Story",3,2,1,3208,"Attchd","VinylSd","VinylSd",5,6
"SFoyer",1,1,0,1260,"0","CemntBd","CmentBd",7,4
"2Story",3,2,1,3322,"Attchd","VinylSd","VinylSd",6,7
"1.5Fin",2,1,0,2236,"Detchd","Stucco","Stucco",8,6
"1.5Unf",2,1,0,1808,"Detchd","Wd Sdng","Wd Sdng",7,6
"1Story",2,1,0,1388,"Detchd","WdShing","Stucco",6,5
"1.5Fin",3,1,0,2392,"Detchd","Wd Sdng","Wd Sdng",8,6
"1Story",2,2,0,4804,"Attchd","VinylSd","VinylSd",5,10
"1Story",4,2,0,2880,"0","VinylSd","VinylSd",4,4
"1.5Fin",3,2,0,3146,"Detchd","MetalSd","MetalSd",7,5
"1Story",2,2,0,2516,"Attchd","WdShing","Wd Shng",5,7
"2Story",4,2,1,3816,"Attchd","VinylSd","VinylSd",5,7
"1Story",3,1,0,3378,"Attchd","Wd Sdng","Wd Sdng",5,6
"1Story",2,2,1,3776,"Attchd","BrkFace","Plywood",6,6
"2Story",4,2,1,3772,"Attchd","VinylSd","VinylSd",5,7
"1.5Fin",3,2,0,2752,"Detchd","MetalSd","MetalSd",6,6
"1.5Fin",2,1,1,2366,"Detchd","MetalSd","MetalSd",7,3
"1Story",2,1,0,1626,"Detchd","Wd Sdng","Wd Sdng",8,6
"1Story",2,2,0,3066,"Attchd","Plywood","Plywood",5,7
"2Story",3,2,1,3512,"Attchd","VinylSd","VinylSd",5,6
"2Story",3,2,1,3180,"Attchd","VinylSd","VinylSd",5,8
"1Story",4,2,0,3456,"Detchd","Plywood","Plywood",5,5
"1Story",3,1,1,2484,"Attchd","HdBoard","HdBoard",6,7
"2Story",4,1,0,2688,"Detchd","AsbShng","AsbShng",5,5
"1Story",2,1,0,3326,"Attchd","Plywood","Plywood",6,4
"2Story",3,1,0,3332,"Detchd","Stucco","Wd Shng",7,8
"1.5Fin",3,1,0,2406,"Detchd","MetalSd","MetalSd",4,5
"2Story",3,2,1,3870,"BuiltIn","VinylSd","VinylSd",5,8
"2Story",3,1,0,2270,"Detchd","Wd Sdng","Wd Sdng",9,7
"1Story",3,1,0,1728,"Detchd","MetalSd","MetalSd",5,5
"2Story",3,1,1,3320,"Detchd","Stucco","Stucco",7,6
"1Story",3,2,0,2080,"0","HdBoard","HdBoard",5,5
"1Story",2,2,0,2828,"Attchd","VinylSd","VinylSd",5,7
"1Story",2,1,0,2554,"Attchd","Plywood","Plywood",5,7
"2Story",3,1,1,3288,"Attchd","MetalSd","MetalSd",7,5
"1Story",3,2,0,3268,"Attchd","VinylSd","VinylSd",5,8
"2Story",3,2,1,3420,"Attchd","HdBoard","HdBoard",5,6
"1Story",1,1,1,3004,"Attchd","HdBoard","HdBoard",5,8
"2Story",3,2,1,3938,"Attchd","WdShing","Plywood",6,7
"SLvl",2,1,0,2144,"Basment","VinylSd","VinylSd",5,6
"1Story",2,2,0,3952,"Attchd","VinylSd","VinylSd",5,8
"1Story",2,2,0,3304,"Attchd","CemntBd","CmentBd",5,8
"1Story",2,1,0,1940,"Detchd","HdBoard","HdBoard",6,5
"1Story",3,2,0,2986,"Attchd","VinylSd","VinylSd",5,6
"2Story",3,2,1,5286,"BuiltIn","VinylSd","VinylSd",5,9
"1Story",3,2,0,3436,"Attchd","VinylSd","VinylSd",5,8
"1Story",2,1,0,2262,"Detchd","Stucco","Stucco",7,4
"1Story",3,2,0,3700,"Attchd","VinylSd","VinylSd",5,9
"1Story",2,2,0,3584,"Attchd","VinylSd","VinylSd",5,9
"2Story",4,1,1,3652,"Attchd","Stucco","Stucco",8,7
"1Story",2,2,0,2432,"Attchd","VinylSd","VinylSd",5,6
"1Story",3,1,0,1998,"Detchd","HdBoard","Plywood",7,5
"1Story",3,1,0,2226,"Attchd","MetalSd","MetalSd",7,5
"1Story",3,1,1,2146,"Attchd","MetalSd","MetalSd",7,5
"1Story",3,2,0,2968,"Attchd","Plywood","Plywood",6,5
"1.5Fin",3,2,0,4828,"Attchd","Wd Sdng","Wd Sdng",4,5
"SFoyer",1,1,0,1260,"Attchd","CemntBd","CmentBd",8,4
"2Story",3,1,1,2608,"BuiltIn","CemntBd","CmentBd",6,5
"1.5Fin",3,1,0,3156,"Attchd","Wd Sdng","Wd Sdng",7,6
"2Story",3,2,1,2912,"Attchd","VinylSd","VinylSd",5,6
"1Story",3,1,1,2538,"Detchd","BrkFace","Wd Sdng",6,5
"1Story",2,1,0,1772,"Attchd","MetalSd","MetalSd",8,5
"1Story",2,1,0,1440,"0","Wd Sdng","Wd Sdng",5,4
"1Story",4,3,0,6456,"Attchd","BrkFace","BrkFace",5,8
"1.5Fin",4,2,0,3640,"Detchd","Wd Sdng","Wd Sdng",6,7
"1Story",3,1,0,1798,"Attchd","HdBoard","HdBoard",7,5
"1Story",2,1,0,1824,"Attchd","MetalSd","MetalSd",7,5
"2Story",3,1,1,2436,"Detchd","HdBoard","HdBoard",5,6
"2Story",3,2,1,3536,"Attchd","VinylSd","VinylSd",5,7
"1Story",2,1,0,2428,"Detchd","MetalSd","MetalSd",7,5
"1Story",1,2,0,3602,"Attchd","BrkFace","Wd Sdng",8,7
"2Story",3,2,1,2644,"Attchd","Plywood","Brk Cmn",5,6
"2Story",4,2,0,3920,"Detchd","Wd Sdng","Wd Sdng",5,5
"2Story",3,2,1,3822,"Attchd","VinylSd","VinylSd",5,8
"1Story",2,2,0,2436,"Attchd","VinylSd","VinylSd",5,6
"2Story",3,2,0,2756,"Detchd","MetalSd","MetalSd",9,7
"1Story",3,1,0,2082,"Attchd","MetalSd","MetalSd",6,5
"1Story",2,1,0,2726,"CarPort","Wd Sdng","Wd Sdng",7,5
"1Story",2,2,0,2736,"Attchd","VinylSd","VinylSd",5,7
"1Story",3,1,0,1728,"Detchd","VinylSd","VinylSd",5,5
"1Story",3,1,1,2160,"Attchd","VinylSd","VinylSd",5,6
"1.5Unf",2,1,0,1578,"Detchd","Wd Sdng","Wd Sdng",5,5
"1Story",3,2,1,4040,"Attchd","CemntBd","CmentBd",5,10
"SLvl",3,2,1,4238,"Attchd","HdBoard","HdBoard",6,6
"2Story",3,2,1,4688,"Attchd","VinylSd","VinylSd",5,7
"2Story",3,2,1,3592,"Attchd","VinylSd","VinylSd",5,6
"2Story",3,1,1,4160,"Detchd","MetalSd","MetalSd",9,7
"2Story",3,2,0,2588,"0","MetalSd","MetalSd",7,4
"1Story",3,1,1,2488,"Attchd","VinylSd","VinylSd",6,6
"1.5Fin",3,2,0,3328,"Detchd","CemntBd","CmentBd",7,6
"2Story",3,3,1,9352,"BuiltIn","CemntBd","CmentBd",5,10
"2Story",3,2,1,4796,"Attchd","VinylSd","VinylSd",5,7
"1Story",3,2,0,2532,"Attchd","VinylSd","VinylSd",5,7
"1Story",2,1,0,1856,"Attchd","Wd Sdng","Wd Sdng",7,5
"2Story",3,2,1,5426,"Attchd","VinylSd","VinylSd",5,9
"1Story",2,1,0,1210,"0","Wd Sdng","Wd Sdng",7,4
"1Story",4,3,0,5030,"Attchd","Wd Sdng","Stone",3,6
"SLvl",3,2,0,3018,"Attchd","HdBoard","HdBoard",5,6
"2Story",3,2,0,2724,"Detchd","Wd Sdng","Wd Sdng",8,6
"1Story",2,1,0,1654,"Detchd","VinylSd","VinylSd",7,5
"1Story",1,1,0,668,"0","VinylSd","VinylSd",3,1
"2Story",3,2,1,2828,"Attchd","VinylSd","VinylSd",5,8
"2Story",3,1,0,2694,"0","MetalSd","MetalSd",7,5
"2Story",3,2,1,3448,"Attchd","VinylSd","VinylSd",5,7
"1Story",3,1,0,1728,"Detchd","MetalSd","MetalSd",5,4
"1Story",3,1,1,2318,"Attchd","Plywood","Plywood",5,5
"1Story",3,2,0,3202,"Attchd","VinylSd","VinylSd",5,8
"1Story",2,2,0,3676,"Attchd","VinylSd","VinylSd",5,9
"2Story",4,2,1,4570,"BuiltIn","VinylSd","VinylSd",5,8
"1Story",3,2,0,3360,"Attchd","VinylSd","VinylSd",5,7
"SFoyer",1,1,0,1534,"Attchd","MetalSd","MetalSd",5,7
"2Story",3,2,1,2992,"Attchd","VinylSd","VinylSd",5,7
"1.5Fin",4,2,1,4366,"Attchd","HdBoard","HdBoard",5,7
"1.5Fin",3,1,1,3270,"Detchd","BrkFace","Wd Sdng",7,6
"SFoyer",2,1,0,1536,"Detchd","VinylSd","VinylSd",7,5
"1Story",2,1,0,1650,"Detchd","MetalSd","MetalSd",7,5
"2Story",4,2,1,4188,"BuiltIn","VinylSd","VinylSd",5,7
"1Story",2,2,0,2138,"Attchd","Plywood","Plywood",6,6
"1Story",3,1,0,1856,"Attchd","BrkFace","BrkFace",6,5
"1Story",3,2,0,3434,"Attchd","VinylSd","VinylSd",5,8
"1Story",2,2,0,2252,"Detchd","VinylSd","VinylSd",5,4
"2Story",3,2,1,4092,"BuiltIn","VinylSd","VinylSd",5,7
"1.5Unf",2,1,0,2096,"Detchd","MetalSd","MetalSd",6,5
"1Story",2,1,0,2184,"Attchd","Wd Sdng","Wd Sdng",5,5
"1.5Fin",3,1,1,2672,"CarPort","MetalSd","MetalSd",6,4
"2Story",3,2,1,2892,"Attchd","HdBoard","HdBoard",5,7
"1Story",2,2,0,3114,"Attchd","VinylSd","VinylSd",5,7
"1Story",3,1,1,2784,"Detchd","Wd Sdng","Wd Sdng",6,5
"1Story",2,1,0,2778,"Attchd","HdBoard","HdBoard",5,5
"1Story",3,1,0,1992,"0","WdShing","Wd Shng",6,5
"1.5Fin",4,2,0,3348,"Detchd","Wd Sdng","Wd Sdng",7,6
"2Story",4,2,1,4590,"Attchd","HdBoard","HdBoard",5,7
"2Story",4,1,1,3294,"Detchd","Wd Sdng","Wd Sdng",4,6
"2Story",4,2,1,5008,"BuiltIn","VinylSd","VinylSd",5,9
"1Story",3,2,0,3070,"Attchd","VinylSd","VinylSd",5,7
"1.5Fin",1,1,1,4264,"BuiltIn","Wd Sdng","Wd Sdng",8,8
"SFoyer",2,1,0,1886,"Detchd","MetalSd","MetalSd",5,5
"1Story",6,2,0,3456,"Detchd","HdBoard","HdBoard",5,5
"1Story",2,1,0,1728,"Attchd","WdShing","Wd Shng",6,6
"2Story",3,2,1,3384,"Attchd","VinylSd","VinylSd",5,7
"SLvl",3,2,1,2860,"BuiltIn","VinylSd","VinylSd",5,7
"SLvl",3,1,0,2218,"BuiltIn","MetalSd","AsphShn",7,5
"1.5Fin",2,1,0,2432,"Detchd","MetalSd","MetalSd",5,5
"1.5Fin",3,2,0,2954,"Detchd","Wd Sdng","Wd Sdng",7,7
"SLvl",3,1,0,2640,"Attchd","VinylSd","VinylSd",6,5
"2Story",2,2,0,2784,"Detchd","VinylSd","VinylSd",5,7
"1.5Fin",4,2,0,3590,"Attchd","MetalSd","MetalSd",5,5
"1Story",3,1,0,2858,"Attchd","Wd Sdng","Wd Sdng",6,6
"1Story",3,2,1,4084,"Attchd","VinylSd","VinylSd",5,8
"SFoyer",3,1,0,1632,"0","HdBoard","HdBoard",5,6
"2.5Unf",3,3,1,5550,"Detchd","Wd Sdng","Wd Sdng",9,10
"1.5Fin",3,1,0,3146,"Detchd","AsbShng","AsbShng",7,4
"1Story",2,2,0,4056,"Attchd","VinylSd","VinylSd",5,8
"1Story",2,1,0,1676,"Detchd","Stucco","Wd Shng",7,6
"SFoyer",2,1,0,1720,"Detchd","HdBoard","HdBoard",6,5
"1Story",1,1,0,2946,"Attchd","Wd Sdng","Wd Sdng",8,5
"1Story",2,1,0,1714,"Detchd","VinylSd","VinylSd",6,5
"2Story",3,2,1,3164,"Attchd","VinylSd","VinylSd",5,7
"2Story",3,2,1,4592,"BuiltIn","CemntBd","CmentBd",5,10
"1Story",2,1,0,1632,"Detchd","HdBoard","HdBoard",8,5
"1Story",1,1,0,1696,"Attchd","VinylSd","VinylSd",5,6
"1Story",3,1,0,1848,"Detchd","HdBoard","HdBoard",6,5
"1Story",3,2,0,3652,"Attchd","VinylSd","Other",5,8
"2Story",3,1,0,2736,"Detchd","VinylSd","VinylSd",7,6
"1Story",2,0,2,2804,"Attchd","VinylSd","VinylSd",5,7
"1Story",3,2,0,3294,"Attchd","Plywood","Plywood",6,5
"2Story",3,2,1,3112,"Attchd","MetalSd","MetalSd",6,6
"2Story",3,2,1,3808,"BuiltIn","VinylSd","VinylSd",5,8
"1.5Fin",3,1,1,2750,"Detchd","Wd Sdng","Wd Sdng",6,6
"2Story",3,2,1,3830,"Attchd","HdBoard","HdBoard",5,8
"2Story",2,2,1,2400,"Detchd","MetalSd","MetalSd",5,7
"1Story",3,2,0,2988,"Attchd","VinylSd","VinylSd",5,7
"2Story",3,2,1,3972,"Attchd","HdBoard","HdBoard",6,7
"1Story",3,1,0,2080,"Detchd","VinylSd","VinylSd",5,5
"2Story",3,3,0,4016,"Attchd","MetalSd","MetalSd",8,5
"2Story",4,2,1,6388,"Basment","BrkFace","Wd Sdng",6,8
"1Story",3,1,0,2058,"Attchd","VinylSd","VinylSd",5,4
"2Story",3,2,1,4306,"Attchd","VinylSd","VinylSd",5,9
"SLvl",3,2,0,2064,"Attchd","HdBoard","HdBoard",6,6
"2Story",3,2,1,3744,"BuiltIn","VinylSd","VinylSd",5,8
"1Story",3,1,0,2240,"0","VinylSd","VinylSd",5,5
"SFoyer",1,1,0,1260,"0","CemntBd","CmentBd",6,4
"SFoyer",3,1,0,2108,"Attchd","MetalSd","MetalSd",7,6
"2Story",3,2,1,3018,"Attchd","VinylSd","VinylSd",5,6
"1.5Unf",2,1,0,1664,"Detchd","MetalSd","MetalSd",6,6
"1Story",3,2,0,3656,"Attchd","CemntBd","CmentBd",5,9
"2Story",4,2,1,4524,"Attchd","VinylSd","VinylSd",5,8
"1Story",2,1,0,1728,"0","Stucco","Stucco",3,3
"2Story",4,2,1,5228,"Attchd","HdBoard","HdBoard",7,6
"1Story",3,1,0,1960,"Detchd","Plywood","Plywood",6,5
"2Story",2,2,1,3024,"Detchd","MetalSd","MetalSd",5,6
"2Story",4,1,2,3580,"Attchd","VinylSd","VinylSd",5,6
"1Story",3,1,1,2232,"Attchd","Wd Sdng","Wd Sdng",6,6
"1Story",3,1,0,2844,"Attchd","Wd Sdng","Wd Sdng",5,5
"SLvl",3,1,0,3040,"Basment","AsbShng","AsbShng",6,6
"2Story",5,1,2,4160,"Attchd","Plywood","Plywood",5,5
"SLvl",3,1,1,2700,"Attchd","Plywood","Wd Sdng",5,6
"2Story",3,1,0,3500,"Detchd","VinylSd","VinylSd",6,5
"1Story",2,2,0,3108,"Attchd","VinylSd","VinylSd",5,8
"1Story",3,2,0,2822,"Attchd","Plywood","Plywood",5,7
"1Story",3,1,0,2112,"Attchd","Wd Sdng","Wd Sdng",7,5
"SFoyer",0,0,0,2112,"Detchd","Plywood","Plywood",5,6
"2.5Fin",8,2,0,6275,"0","VinylSd","VinylSd",7,6
"1Story",1,1,0,1600,"0","AsbShng","AsbShng",3,2
"1.5Fin",3,2,0,2774,"BuiltIn","Wd Sdng","Wd Sdng",4,5
"1Story",2,1,0,1592,"0","MetalSd","Wd Sdng",7,5
"1Story",1,2,0,3134,"Attchd","VinylSd","VinylSd",5,8
"1Story",1,1,1,3036,"Attchd","MetalSd","MetalSd",5,8
"2Story",3,2,1,3858,"Attchd","VinylSd","VinylSd",5,7
"SLvl",4,2,1,5408,"Attchd","Plywood","Wd Sdng",7,8
"2Story",4,2,1,3240,"Attchd","WdShing","HdBoard",5,5
"1Story",2,2,1,3532,"Attchd","CemntBd","CmentBd",5,9
"1Story",3,1,1,1962,"Detchd","Plywood","Plywood",5,6
"1Story",3,1,0,2096,"Detchd","MetalSd","MetalSd",5,5
"1Story",3,1,0,2188,"Attchd","Wd Sdng","Wd Sdng",5,6
"2Story",4,1,1,3678,"Attchd","MetalSd","MetalSd",5,6
"SFoyer",1,1,0,1260,"0","CemntBd","CmentBd",6,4
"2Story",3,2,1,3330,"Attchd","CemntBd","CmentBd",6,7
"2Story",4,1,0,3020,"Detchd","MetalSd","MetalSd",5,4
"2Story",2,2,1,3432,"Attchd","VinylSd","VinylSd",5,7
"1.5Fin",3,1,0,2938,"Detchd","MetalSd","MetalSd",7,6
"1Story",2,2,1,4226,"Attchd","MetalSd","MetalSd",6,8
"2Story",3,1,1,2184,"Detchd","HdBoard","ImStucc",5,6
"1Story",3,1,1,2106,"Attchd","HdBoard","HdBoard",7,5
"2Story",3,1,1,3004,"Attchd","Stucco","Wd Shng",6,7
"1.5Fin",3,1,0,2916,"Attchd","VinylSd","VinylSd",5,6
"1Story",3,1,0,2972,"Detchd","MetalSd","MetalSd",7,5
"2Story",3,2,1,3870,"Attchd","Plywood","Plywood",7,7
"2Story",4,2,1,4896,"Attchd","VinylSd","VinylSd",7,8
"1Story",2,1,0,2784,"Attchd","Wd Sdng","Wd Sdng",3,6
"SFoyer",3,2,0,2362,"Detchd","Plywood","Plywood",5,4
"1Story",1,1,1,4194,"Attchd","VinylSd","VinylSd",5,8
"2Story",3,2,1,3872,"Attchd","VinylSd","VinylSd",5,8
"2Story",3,2,1,4760,"CarPort","Plywood","Plywood",5,6
"1Story",3,2,0,3358,"Attchd","HdBoard","HdBoard",5,6
"1Story",3,1,1,2874,"Detchd","CemntBd","Wd Sdng",6,5
"1Story",2,1,0,2360,"Detchd","MetalSd","MetalSd",5,4
"2Story",3,2,1,2952,"Attchd","VinylSd","VinylSd",5,6
"2Story",3,2,0,2738,"Detchd","Wd Sdng","Wd Sdng",6,6
"1Story",3,1,1,2416,"Attchd","Plywood","Plywood",6,6
"1Story",3,2,0,3678,"Attchd","CemntBd","CmentBd",7,6
"1Story",3,1,0,2272,"Attchd","HdBoard","HdBoard",6,6
"2Story",3,2,1,2882,"Attchd","Plywood","Brk Cmn",6,6
"2Story",4,2,0,3548,"2Types","AsbShng","Stucco",2,4
"1Story",2,1,0,1584,"Detchd","VinylSd","VinylSd",8,5
"1Story",3,2,1,4092,"Attchd","VinylSd","VinylSd",5,8
"1Story",3,1,0,1976,"Detchd","Wd Sdng","Wd Sdng",5,5
"1Story",2,2,0,1846,"Attchd","Plywood","Plywood",5,6
"1.5Fin",3,1,0,3040,"Detchd","VinylSd","Stucco",5,5
"1Story",2,1,0,2582,"Attchd","Wd Sdng","Wd Sdng",5,6
"1Story",3,2,0,3336,"Attchd","VinylSd","VinylSd",5,9
"2Story",4,2,1,3678,"Attchd","VinylSd","VinylSd",5,7
"2Story",3,2,0,4180,"Attchd","HdBoard","HdBoard",5,7
"2Story",3,3,0,3522,"Attchd","VinylSd","VinylSd",6,7
"2Story",2,2,1,2204,"Detchd","MetalSd","MetalSd",5,7
"1Story",2,2,0,2838,"Attchd","MetalSd","MetalSd",6,8
"1Story",2,2,0,2724,"Attchd","VinylSd","VinylSd",5,6
"1Story",1,1,0,1696,"Attchd","VinylSd","VinylSd",5,6
"2Story",4,3,1,8632,"Attchd","HdBoard","HdBoard",6,10
"2Story",4,2,1,5038,"Attchd","MetalSd","MetalSd",5,7
"1Story",2,1,0,2146,"Detchd","MetalSd","MetalSd",6,5
"1.5Fin",3,1,1,3078,"Detchd","Wd Sdng","Wd Sdng",6,5
"1Story",2,2,0,2274,"Attchd","HdBoard","HdBoard",6,6
"1Story",2,1,0,1232,"Detchd","Wd Sdng","Wd Shng",7,5
"1Story",2,1,0,2296,"Detchd","Wd Sdng","Wd Sdng",7,5
"1Story",3,1,0,1788,"Detchd","MetalSd","MetalSd",8,5
"1Story",2,2,0,2782,"Attchd","MetalSd","MetalSd",5,7
"1Story",3,2,0,3600,"Attchd","VinylSd","VinylSd",5,8
"1Story",3,1,1,2328,"Attchd","HdBoard","HdBoard",5,7
"2Story",4,2,1,5152,"BuiltIn","VinylSd","VinylSd",5,8
"2Story",4,2,0,3624,"Detchd","Wd Sdng","Wd Sdng",9,5
"1Story",3,2,0,2968,"Attchd","VinylSd","VinylSd",5,7
"2Story",3,2,0,2184,"0","VinylSd","Wd Shng",5,4
"1Story",2,2,0,3648,"Attchd","Plywood","Plywood",5,7
"1Story",2,2,0,2648,"Attchd","MetalSd","MetalSd",5,8
"2Story",3,2,1,2912,"Attchd","VinylSd","VinylSd",5,7
"1Story",3,1,0,1808,"Attchd","HdBoard","HdBoard",7,5
"1Story",2,1,0,1458,"0","VinylSd","VinylSd",6,3
"1.5Fin",2,1,0,2356,"Detchd","MetalSd","MetalSd",7,4
"1Story",2,2,0,2456,"Attchd","HdBoard","HdBoard",5,8
"1Story",3,1,0,1920,"Detchd","HdBoard","HdBoard",5,4
"2Story",3,2,1,2958,"Attchd","HdBoard","Plywood",8,6
"1Story",3,2,0,2700,"Attchd","HdBoard","HdBoard",5,6
"2Story",3,1,1,5108,"Detchd","Wd Sdng","VinylSd",8,7
"1Story",3,1,1,2356,"Attchd","HdBoard","HdBoard",6,5
"2Story",3,2,1,4836,"Attchd","Wd Sdng","ImStucc",5,7
"1Story",3,1,1,1942,"Attchd","HdBoard","Plywood",6,5
"1Story",2,2,0,3484,"Attchd","HdBoard","HdBoard",5,8
"1Story",1,1,0,1696,"Attchd","VinylSd","VinylSd",5,6
"1Story",3,1,0,1728,"Detchd","MetalSd","MetalSd",7,4
"1.5Fin",4,2,0,2940,"Detchd","MetalSd","MetalSd",6,4
"1Story",3,2,0,3396,"Attchd","CemntBd","CmentBd",5,9
"1Story",3,1,0,1728,"Detchd","HdBoard","Plywood",6,4
"1Story",3,2,0,3360,"Attchd","Wd Sdng","Plywood",9,6
"1Story",2,2,0,2464,"Attchd","VinylSd","VinylSd",5,7
"1Story",4,2,0,3552,"Detchd","VinylSd","VinylSd",5,5
"1.5Fin",2,1,0,2056,"Detchd","MetalSd","MetalSd",5,4
"1Story",2,2,0,3232,"Attchd","CemntBd","CmentBd",5,8
"SLvl",3,2,0,2292,"Attchd","VinylSd","VinylSd",5,7
"2Story",3,2,1,4062,"Attchd","VinylSd","VinylSd",5,7
"1Story",3,1,0,2288,"Attchd","HdBoard","HdBoard",6,5
"1Story",3,1,0,1896,"Attchd","Plywood","Plywood",5,5
"2.5Unf",2,1,1,3536,"Detchd","Wd Sdng","Wd Sdng",7,7
"1Story",2,2,0,2080,"Detchd","Stucco","Stone",4,3
"2Story",3,2,1,3602,"Attchd","VinylSd","VinylSd",5,8
"1Story",3,3,0,2400,"0","Plywood","Plywood",5,5
"2Story",3,2,1,3456,"Attchd","VinylSd","VinylSd",5,7
"2Story",2,2,0,2864,"Detchd","Wd Sdng","Wd Shng",7,5
"1Story",3,1,0,1824,"Detchd","HdBoard","HdBoard",8,6
"1Story",3,2,0,2698,"Attchd","VinylSd","VinylSd",5,7
"SLvl",3,2,0,2928,"Attchd","HdBoard","HdBoard",6,5
"1Story",2,2,0,2674,"Attchd","HdBoard","HdBoard",5,8
"2Story",4,3,1,5430,"BuiltIn","VinylSd","VinylSd",9,8
"2Story",4,2,1,4512,"BuiltIn","VinylSd","VinylSd",5,7
"2Story",4,1,1,5280,"Detchd","Stucco","Stucco",7,7
"1Story",3,2,0,3440,"Attchd","VinylSd","VinylSd",5,7
"1.5Fin",4,2,0,3058,"Detchd","WdShing","Wd Shng",3,4
"1.5Fin",3,1,0,2280,"0","Wd Sdng","Wd Sdng",7,4
"2Story",3,2,1,2640,"Attchd","VinylSd","VinylSd",5,7
"1Story",3,2,0,2988,"Attchd","VinylSd","VinylSd",5,6
"2Story",3,2,1,4196,"Attchd","VinylSd","VinylSd",5,8
"1Story",3,1,0,2052,"Detchd","Plywood","Plywood",8,6
"2Story",3,2,1,2942,"Detchd","MetalSd","MetalSd",5,6
"2Story",3,2,1,3536,"Attchd","VinylSd","VinylSd",5,8
"2Story",3,2,1,2772,"Attchd","HdBoard","HdBoard",5,6
"2Story",3,2,1,3002,"Detchd","MetalSd","MetalSd",5,7
"2Story",4,2,1,5062,"Attchd","VinylSd","VinylSd",5,8
"1Story",2,1,0,1728,"Detchd","Wd Sdng","Wd Sdng",6,6
"1Story",2,1,0,2602,"Detchd","Wd Sdng","Wd Sdng",5,5
"2Story",3,2,1,3094,"Attchd","VinylSd","VinylSd",5,7
"2Story",3,2,1,4730,"Attchd","VinylSd","VinylSd",5,8
"1Story",2,1,1,2988,"Attchd","BrkFace","BrkFace",5,8
"1Story",2,2,0,3012,"Attchd","VinylSd","VinylSd",5,9
"2Story",3,2,1,3428,"Attchd","HdBoard","HdBoard",5,7
"1.5Fin",4,2,0,3500,"Attchd","VinylSd","VinylSd",7,6
"1Story",3,2,0,3672,"Attchd","VinylSd","VinylSd",5,7
"2Story",4,3,1,6558,"BuiltIn","CemntBd","Wd Shng",5,8
"SFoyer",2,1,0,1716,"Detchd","Wd Sdng","Wd Sdng",5,5
"1Story",2,1,0,2440,"Detchd","Wd Sdng","Wd Sdng",5,4
"SLvl",3,1,0,2234,"Detchd","Plywood","Plywood",5,6
"1Story",2,1,0,1824,"Attchd","Wd Sdng","Wd Sdng",5,5
"1Story",3,2,0,3946,"Attchd","VinylSd","VinylSd",5,8
"1Story",2,2,0,2408,"Attchd","VinylSd","VinylSd",5,6
"1Story",3,2,0,3228,"Attchd","VinylSd","VinylSd",5,7
"1Story",3,1,0,1788,"Attchd","HdBoard","Plywood",5,5
"1Story",4,2,0,4040,"Detchd","Plywood","Plywood",5,5
"SFoyer",2,1,0,2008,"Attchd","Plywood","ImStucc",5,6
"1Story",3,2,0,2506,"Attchd","HdBoard","HdBoard",5,7
"2Story",3,2,1,3206,"Attchd","VinylSd","VinylSd",5,6
"1Story",3,2,0,2860,"Attchd","VinylSd","VinylSd",5,7
"SFoyer",1,1,0,2220,"Attchd","Plywood","Plywood",6,5
"2.5Unf",3,2,0,2968,"0","Wd Sdng","Wd Shng",6,6
"1Story",3,2,0,2684,"Attchd","BrkFace","Wd Sdng",5,6
"1.5Fin",4,2,0,3304,"Detchd","MetalSd","MetalSd",6,5
"2Story",4,2,1,4168,"BuiltIn","VinylSd","VinylSd",5,7
"1Story",2,1,0,1802,"Detchd","MetalSd","MetalSd",7,4
"2Story",5,2,1,4174,"Attchd","HdBoard","HdBoard",8,6
"1Story",2,2,0,2290,"Attchd","VinylSd","VinylSd",5,7
"SLvl",3,1,0,2124,"Attchd","HdBoard","HdBoard",5,6
"2Story",3,2,1,4026,"Attchd","MetalSd","MetalSd",5,7
"1Story",3,2,0,2992,"Attchd","CemntBd","CmentBd",5,8
"2Story",3,2,1,3790,"Attchd","MetalSd","MetalSd",5,7
"2Story",3,2,1,3128,"Attchd","HdBoard","HdBoard",6,6
"1Story",3,1,1,2570,"Attchd","Plywood","Plywood",5,6
"1Story",2,1,0,1546,"Attchd","VinylSd","VinylSd",5,5
"2Story",4,3,1,6280,"BuiltIn","VinylSd","VinylSd",5,9
"1.5Fin",3,1,1,3536,"Detchd","Wd Sdng","Wd Sdng",7,5
"2Story",4,2,1,3376,"Attchd","VinylSd","VinylSd",5,6
"1Story",2,1,0,2392,"Detchd","MetalSd","MetalSd",7,4
"2Story",3,2,1,2912,"Attchd","WdShing","Wd Shng",5,7
"2Story",4,3,1,5644,"BuiltIn","VinylSd","VinylSd",5,9
"1Story",2,1,0,2256,"Attchd","Wd Sdng","Wd Sdng",5,5
"1Story",3,2,0,2856,"Attchd","VinylSd","VinylSd",5,7
"SLvl",3,2,0,1960,"Attchd","VinylSd","VinylSd",5,5
"2Story",3,1,1,3152,"Attchd","Wd Sdng","Wd Sdng",6,5
"SLvl",3,1,0,2172,"Attchd","VinylSd","VinylSd",5,5
"2.5Unf",2,2,0,4276,"Detchd","AsbShng","AsbShng",5,5
"1Story",3,1,1,2618,"Attchd","HdBoard","HdBoard",6,6
"1Story",1,1,0,1696,"Attchd","VinylSd","VinylSd",5,6
"1Story",2,1,0,2088,"Basment","Wd Sdng","Wd Sdng",5,5
"1Story",4,1,1,2884,"Attchd","MetalSd","MetalSd",6,6
"1.5Fin",3,1,1,2500,"Detchd","Stucco","Stucco",7,5
"1Story",3,2,0,3322,"Attchd","VinylSd","VinylSd",5,7
"1Story",2,1,0,2016,"Attchd","BrkFace","BrkFace",6,5
"1Story",3,2,0,3378,"Attchd","CemntBd","CmentBd",5,8
"SLvl",3,1,0,2104,"Attchd","HdBoard","HdBoard",7,6
"1Story",2,2,0,2716,"Attchd","VinylSd","VinylSd",5,7
"2Story",3,2,1,3280,"Attchd","VinylSd","VinylSd",5,7
"1Story",2,1,0,1872,"Detchd","MetalSd","MetalSd",4,4
"2Story",3,2,1,3466,"BuiltIn","VinylSd","VinylSd",5,7
"1.5Fin",3,2,0,2978,"Detchd","VinylSd","VinylSd",7,6
"1Story",3,2,0,2978,"Attchd","VinylSd","VinylSd",5,8
"1Story",2,2,0,4168,"Attchd","CemntBd","CmentBd",5,10
"1.5Unf",2,1,0,1568,"0","MetalSd","MetalSd",6,5
"1Story",3,2,0,2868,"Attchd","VinylSd","VinylSd",5,7
"2Story",3,2,1,4252,"Attchd","Plywood","Plywood",5,5
"2Story",2,2,1,2366,"Detchd","MetalSd","MetalSd",5,7
"1Story",3,1,1,2784,"Attchd","HdBoard","HdBoard",5,6
"2Story",2,2,1,2320,"Detchd","MetalSd","MetalSd",5,7
"2Story",3,2,1,3658,"Attchd","VinylSd","VinylSd",6,7
"1Story",3,1,1,3032,"Attchd","HdBoard","Plywood",6,6
"1Story",3,1,0,2288,"Attchd","VinylSd","VinylSd",6,5
"1Story",2,2,0,2134,"Attchd","VinylSd","HdBoard",7,4
"1Story",2,1,0,3118,"Detchd","VinylSd","VinylSd",6,5
"2Story",2,1,1,1974,"Detchd","HdBoard","HdBoard",5,6
"1Story",3,1,1,2198,"Attchd","VinylSd","VinylSd",6,5
"1.5Fin",3,1,0,2400,"Detchd","MetalSd","MetalSd",6,5
"2Story",4,2,0,2964,"Detchd","Wd Sdng","Wd Sdng",8,6
"2Story",3,2,0,3078,"Detchd","MetalSd","MetalSd",8,5
"SLvl",3,1,1,2330,"Attchd","HdBoard","HdBoard",7,6
"1Story",6,2,0,3600,"0","BrkFace","BrkFace",4,5
"1.5Fin",4,1,1,2832,"Detchd","Wd Sdng","Wd Sdng",8,5
"SFoyer",3,2,0,3402,"Basment","HdBoard","HdBoard",5,5
"2Story",3,2,1,3550,"Attchd","HdBoard","HdBoard",5,7
"1Story",3,1,0,1728,"Attchd","HdBoard","Plywood",6,5
"1.5Fin",5,3,0,4716,"Detchd","Wd Sdng","Wd Sdng",8,6
"SLvl",3,2,1,3710,"Attchd","Plywood","Plywood",7,6
"1Story",1,1,0,1696,"Attchd","VinylSd","VinylSd",5,6
"1Story",2,2,0,2912,"Attchd","VinylSd","VinylSd",5,8
"2.5Unf",4,2,0,3292,"Detchd","MetalSd","MetalSd",5,7
"SLvl",3,1,1,2890,"Attchd","MetalSd","HdBoard",6,6
"1Story",3,1,1,3558,"Attchd","Wd Sdng","Plywood",4,5
"1Story",3,1,1,2080,"Detchd","HdBoard","HdBoard",8,5
"SLvl",3,1,0,2052,"Detchd","Plywood","HdBoard",6,6
"2Story",3,2,1,2962,"Attchd","HdBoard","HdBoard",5,6
"1Story",3,2,0,2740,"Attchd","HdBoard","HdBoard",5,7
"2Story",4,2,1,5308,"Attchd","HdBoard","HdBoard",7,6
"1.5Fin",3,1,1,2852,"Detchd","Wd Sdng","Wd Sdng",8,7
"1Story",3,1,1,2078,"Attchd","Plywood","HdBoard",4,5
"1Story",3,2,0,2194,"Attchd","HdBoard","Plywood",5,6
"1Story",3,1,0,2296,"Attchd","BrkFace","Plywood",5,5
"1Story",3,2,0,2744,"Attchd","VinylSd","VinylSd",5,7
"1Story",3,1,0,2004,"Detchd","MetalSd","MetalSd",6,5
"1Story",3,2,0,3292,"Attchd","VinylSd","VinylSd",5,8
"1Story",3,1,1,2240,"Attchd","VinylSd","VinylSd",5,4
"2Story",2,2,0,4587,"Attchd","Plywood","Plywood",6,5
"2Story",3,2,1,3898,"Attchd","MetalSd","MetalSd",5,7
"1Story",2,1,0,1788,"Detchd","MetalSd","MetalSd",5,5
"2Story",3,2,1,3364,"Attchd","VinylSd","VinylSd",5,6
"1Story",3,1,0,1820,"Attchd","WdShing","Wd Shng",7,5
"1Story",3,1,0,2304,"Attchd","HdBoard","HdBoard",7,5
"1.5Fin",3,1,1,2262,"Detchd","Wd Sdng","Wd Sdng",6,5
"2Story",4,2,1,5220,"BuiltIn","CemntBd","CmentBd",5,8
"1Story",3,1,0,2080,"Attchd","HdBoard","Plywood",5,4
"2Story",4,2,1,4448,"Attchd","VinylSd","VinylSd",5,9
"SFoyer",3,1,0,2310,"Detchd","HdBoard","HdBoard",7,5
"1Story",3,1,0,1728,"Attchd","VinylSd","VinylSd",8,5
"1Story",2,1,1,2180,"Attchd","VinylSd","VinylSd",5,5
"1.5Fin",3,2,1,3434,"Attchd","HdBoard","HdBoard",5,7
"2Story",3,2,1,3186,"BuiltIn","VinylSd","VinylSd",5,6
"2.5Fin",5,1,0,3979,"Detchd","Wd Sdng","Wd Sdng",5,4
"1Story",3,1,0,1784,"Attchd","HdBoard","HdBoard",5,5
"1Story",2,2,0,3418,"Attchd","MetalSd","MetalSd",5,9
"1Story",4,2,0,3424,"Attchd","MetalSd","MetalSd",5,5
"1.5Fin",3,1,1,2786,"Attchd","MetalSd","MetalSd",7,5
"1Story",4,2,0,4434,"Attchd","Wd Sdng","Wd Sdng",6,8
"1Story",2,1,0,3010,"Attchd","Wd Sdng","Wd Sdng",4,6
"1.5Fin",3,1,0,1848,"Detchd","MetalSd","MetalSd",7,5
"2Story",3,2,1,3366,"Attchd","HdBoard","HdBoard",5,6
"1Story",3,1,0,2136,"Attchd","HdBoard","HdBoard",8,6
"1Story",3,1,0,2766,"Attchd","Wd Sdng","Plywood",5,5
"1Story",4,2,0,3070,"Attchd","Plywood","Plywood",5,5
"2Story",4,1,1,3592,"Attchd","HdBoard","HdBoard",5,6
"1Story",2,1,0,1902,"Detchd","Wd Sdng","Wd Sdng",6,4
"2Story",6,2,0,4480,"Detchd","Plywood","Plywood",5,5
"1Story",2,2,1,4728,"Attchd","VinylSd","VinylSd",5,9
"1Story",3,1,0,2472,"Attchd","HdBoard","Plywood",7,5
"1Story",2,1,0,1716,"Detchd","HdBoard","HdBoard",6,4
"1Story",2,1,0,2612,"Detchd","MetalSd","MetalSd",7,5
"2Story",3,2,1,3018,"Attchd","VinylSd","VinylSd",5,7
"1Story",3,2,0,3340,"Attchd","VinylSd","VinylSd",5,7
"1Story",3,1,0,1804,"Attchd","HdBoard","Wd Sdng",6,5
"1Story",3,1,0,2126,"Attchd","HdBoard","HdBoard",5,5
"1Story",3,2,0,3272,"Attchd","VinylSd","VinylSd",5,8
"1.5Fin",3,1,1,4114,"Attchd","BrkFace","BrkFace",7,7
"1Story",2,1,0,1804,"Attchd","HdBoard","HdBoard",5,5
"2Story",3,2,1,2968,"Attchd","VinylSd","VinylSd",5,6
"2Story",5,2,0,4548,"Detchd","MetalSd","MetalSd",5,5
"1Story",3,1,1,2536,"Detchd","HdBoard","Plywood",7,5
"1Story",3,1,0,2030,"Detchd","MetalSd","MetalSd",7,5
"2Story",4,2,0,4004,"2Types","MetalSd","MetalSd",6,5
"2Story",2,2,1,2448,"Detchd","VinylSd","VinylSd",5,6
"2Story",3,1,1,2184,"Attchd","CemntBd","CmentBd",5,4
"1Story",1,0,0,960,"Detchd","AsbShng","AsbShng",3,2
"1Story",3,1,0,2458,"Attchd","VinylSd","VinylSd",6,4
"2Story",4,2,1,4254,"Attchd","HdBoard","HdBoard",5,7
"1Story",3,1,0,2828,"Attchd","MetalSd","MetalSd",8,6
"2Story",3,2,1,3442,"Attchd","HdBoard","HdBoard",5,6
"1.5Fin",4,2,2,4400,"0","MetalSd","MetalSd",7,5
"1Story",3,2,0,2632,"Attchd","VinylSd","VinylSd",5,6
"1Story",2,2,0,3234,"Attchd","Plywood","Plywood",5,6
"1Story",3,2,0,3372,"Attchd","Plywood","Plywood",6,6
"1Story",3,2,0,2252,"Attchd","VinylSd","VinylSd",6,5
"2Story",4,2,1,4748,"BuiltIn","VinylSd","VinylSd",5,8
"2Story",4,2,1,3956,"Attchd","MetalSd","MetalSd",5,7
"1Story",3,2,0,3576,"Attchd","VinylSd","VinylSd",5,8
"2Story",4,2,1,4472,"BuiltIn","HdBoard","HdBoard",5,7
"1Story",3,2,0,2932,"Attchd","VinylSd","VinylSd",5,8
"1Story",2,1,0,1850,"Detchd","VinylSd","VinylSd",6,5
"1Story",3,2,0,3810,"Attchd","VinylSd","ImStucc",5,9
"1Story",3,2,0,3000,"Attchd","VinylSd","VinylSd",5,7
"1Story",4,2,0,4138,"Attchd","Wd Sdng","Wd Sdng",7,7
"1Story",1,1,0,1494,"Detchd","MetalSd","MetalSd",5,4
"1Story",2,2,0,2400,"Attchd","VinylSd","VinylSd",5,7
"2Story",3,2,1,3942,"Attchd","VinylSd","VinylSd",5,7
"2Story",3,2,1,3924,"Attchd","VinylSd","VinylSd",5,7
"2Story",4,2,0,4806,"Attchd","MetalSd","MetalSd",7,7
"1Story",4,2,0,3456,"Attchd","Plywood","Plywood",5,6
"2Story",3,2,1,4120,"BuiltIn","VinylSd","VinylSd",5,7
"1Story",4,2,0,2880,"0","MetalSd","MetalSd",3,4
"1Story",4,2,0,3264,"Attchd","HdBoard","Plywood",4,5
"SLvl",3,1,0,2688,"Basment","HdBoard","HdBoard",6,6
"1.5Fin",2,1,0,3618,"Detchd","VinylSd","VinylSd",6,5
"SLvl",3,1,0,2288,"Attchd","HdBoard","HdBoard",6,5
"1Story",3,2,0,3258,"Attchd","VinylSd","VinylSd",5,8
"2Story",3,2,1,3552,"Attchd","VinylSd","VinylSd",5,7
"1Story",3,1,1,2762,"Attchd","Plywood","Plywood",7,6
"1Story",3,1,0,1728,"Detchd","VinylSd","VinylSd",8,5
"1Story",3,1,0,1930,"Detchd","VinylSd","VinylSd",5,5
"SFoyer",2,1,0,1536,"Detchd","WdShing","HdBoard",8,5
"2Story",4,2,1,3936,"Attchd","HdBoard","HdBoard",4,5
"SFoyer",4,2,0,1960,"0","WdShing","Plywood",5,6
"2Story",4,2,0,3916,"Attchd","MetalSd","MetalSd",6,6
"2Story",2,1,1,2458,"Attchd","MetalSd","MetalSd",6,6
"1Story",3,1,0,2114,"Detchd","MetalSd","MetalSd",5,5
"1Story",3,2,0,2674,"Attchd","VinylSd","VinylSd",5,7
"2Story",3,2,1,2832,"Detchd","MetalSd","MetalSd",5,7
"1Story",2,1,0,1716,"0","Wd Sdng","Plywood",7,5
"2Story",4,2,1,5744,"Attchd","HdBoard","HdBoard",7,6
"2Story",3,2,1,3096,"Detchd","Plywood","Brk Cmn",6,6
"1Story",2,2,0,3600,"Attchd","VinylSd","VinylSd",5,9
"2Story",4,2,1,3788,"BuiltIn","VinylSd","VinylSd",5,7
"2Story",3,2,1,2968,"Attchd","VinylSd","VinylSd",5,6
"1.5Fin",2,1,1,2616,"Detchd","MetalSd","MetalSd",7,5
"1Story",3,1,0,2196,"Attchd","Wd Sdng","Wd Sdng",7,5
"1.5Fin",2,1,0,1936,"0","VinylSd","VinylSd",6,3
"SLvl",2,1,0,2190,"Attchd","HdBoard","HdBoard",5,6
"1.5Fin",4,1,1,2384,"0","AsbShng","AsbShng",4,4
"2Story",2,2,0,3252,"BuiltIn","VinylSd","Wd Shng",5,7
"1Story",2,2,0,1836,"Attchd","Plywood","Plywood",5,6
"1Story",3,2,0,2856,"Attchd","CemntBd","CmentBd",5,7
"2Story",3,1,0,4038,"Detchd","HdBoard","HdBoard",8,7
"2Story",3,2,1,2764,"Detchd","MetalSd","MetalSd",5,7
"1Story",2,1,0,1738,"0","Wd Sdng","Wd Sdng",7,4
"1Story",1,1,1,2482,"Attchd","VinylSd","VinylSd",5,7
"1Story",3,1,0,1788,"Detchd","MetalSd","MetalSd",5,4
"1Story",3,1,0,2242,"Detchd","VinylSd","VinylSd",6,5
"SFoyer",3,1,0,1998,"Attchd","CemntBd","CmentBd",9,7
"2Story",4,2,1,5224,"Attchd","VinylSd","VinylSd",5,8
"1Story",2,2,0,2532,"Attchd","VinylSd","VinylSd",5,7
"2Story",4,2,1,4580,"Attchd","CemntBd","CmentBd",5,8
"1.5Fin",4,2,0,3468,"Attchd","Plywood","Plywood",5,5
"1Story",3,1,0,2328,"Detchd","MetalSd","MetalSd",5,5
"1.5Fin",2,1,0,3270,"Attchd","VinylSd","VinylSd",8,6
"1Story",3,2,1,3880,"Attchd","VinylSd","VinylSd",5,9
"2Story",4,2,1,4060,"Attchd","Plywood","Plywood",6,6
"2Story",3,2,1,3152,"Attchd","VinylSd","VinylSd",5,7
"2Story",3,2,1,4784,"Attchd","VinylSd","VinylSd",5,8
"2Story",4,1,1,3484,"Attchd","Wd Sdng","Wd Sdng",9,8
"2Story",3,2,1,3702,"Attchd","Wd Sdng","Wd Sdng",8,6
"2Story",3,2,1,3000,"Attchd","VinylSd","VinylSd",5,6
"1Story",3,2,0,3436,"Attchd","CemntBd","CmentBd",5,10
"1.5Fin",3,1,1,2460,"Detchd","MetalSd","MetalSd",7,4
"1Story",3,1,0,2100,"Attchd","Wd Sdng","Wd Sdng",6,5
"1Story",2,2,0,2884,"Attchd","HdBoard","HdBoard",6,6
"1Story",3,1,0,2154,"Detchd","Wd Sdng","Wd Sdng",4,3
"1Story",2,2,0,2416,"Attchd","VinylSd","VinylSd",5,7
"1Story",2,1,0,1888,"Detchd","BrkComm","Brk Cmn",3,3
"1Story",2,1,0,1382,"Detchd","Wd Sdng","Wd Sdng",6,5
"1Story",3,2,0,3148,"Attchd","VinylSd","VinylSd",5,8
"1Story",4,2,0,3360,"Detchd","VinylSd","VinylSd",6,5
"1Story",1,2,0,3008,"Attchd","VinylSd","VinylSd",5,7
"SLvl",3,2,0,1970,"Attchd","HdBoard","HdBoard",8,5
"1Story",3,2,0,3314,"Attchd","Plywood","Plywood",3,6
"2Story",3,1,1,2184,"Attchd","CemntBd","CmentBd",4,4
"1Story",3,2,0,3420,"Attchd","VinylSd","VinylSd",5,7
"1.5Fin",4,2,0,2530,"0","Wd Sdng","Wd Sdng",5,5
"1.5Fin",4,2,0,2542,"Attchd","Wd Sdng","Wd Sdng",5,5
"1Story",4,2,0,3328,"0","AsphShn","AsphShn",5,5
"2Story",3,1,1,3004,"Detchd","Wd Sdng","Wd Sdng",7,6
"1Story",2,1,0,2044,"Detchd","MetalSd","Stucco",4,5
"1Story",2,1,0,2164,"Detchd","MetalSd","MetalSd",5,6
"2Story",3,2,1,3330,"Attchd","VinylSd","VinylSd",6,8
"1Story",3,2,0,3008,"Attchd","VinylSd","VinylSd",5,7
"1Story",1,1,0,2720,"Attchd","HdBoard","HdBoard",5,8
"SLvl",3,2,1,2944,"Attchd","HdBoard","HdBoard",5,7
"1Story",2,2,0,3012,"Attchd","VinylSd","VinylSd",5,7
"1Story",2,1,1,2264,"Attchd","VinylSd","VinylSd",5,4
"1Story",2,2,0,2440,"Attchd","VinylSd","VinylSd",5,7
"1.5Fin",2,1,0,2496,"Detchd","Wd Sdng","Wd Sdng",5,5
"1Story",2,2,0,3008,"Attchd","VinylSd","VinylSd",5,7
"1Story",2,2,0,5796,"Attchd","Stone","HdBoard",6,8
"1Story",3,1,0,1764,"Detchd","VinylSd","VinylSd",5,5
"1Story",3,1,0,2528,"Attchd","MetalSd","HdBoard",5,5
"1Story",3,2,0,3292,"Attchd","VinylSd","VinylSd",5,8
"1.5Fin",3,1,0,2752,"Attchd","WdShing","Wd Shng",5,5
"2Story",3,1,1,2436,"Detchd","HdBoard","HdBoard",7,6
"2Story",5,2,0,3856,"0","VinylSd","VinylSd",8,5
"2.5Fin",5,2,1,5767,"Basment","Wd Sdng","Plywood",3,7
"2Story",5,2,1,5040,"Attchd","MetalSd","MetalSd",7,8
"1Story",3,2,0,3308,"Attchd","VinylSd","VinylSd",5,7
"1Story",2,1,0,1908,"Basment","MetalSd","MetalSd",7,5
"1Story",3,1,0,1690,"Detchd","Wd Sdng","Wd Sdng",3,4
"1Story",2,2,0,3240,"Attchd","VinylSd","VinylSd",5,9
"2Story",3,2,1,4526,"BuiltIn","VinylSd","VinylSd",5,8
"2Story",3,1,1,2688,"0","CemntBd","CmentBd",6,4
"SFoyer",1,1,0,1260,"Attchd","CemntBd","CmentBd",4,4
"1Story",3,2,0,3606,"Attchd","Wd Sdng","Wd Sdng",4,5
"2Story",4,1,1,3264,"Attchd","HdBoard","HdBoard",8,6
"1Story",1,2,0,2612,"Attchd","VinylSd","VinylSd",5,6
"2Story",4,2,1,4658,"Attchd","HdBoard","HdBoard",5,7
"1Story",4,2,1,5048,"Attchd","BrkFace","BrkFace",5,8
"1Story",4,2,0,3466,"Attchd","BrkFace","Wd Sdng",5,3
"2Story",4,3,1,5736,"BuiltIn","CemntBd","CmentBd",5,9
"1Story",3,1,0,1980,"Detchd","VinylSd","VinylSd",5,5
"1Story",3,1,0,3542,"Attchd","HdBoard","HdBoard",4,5
"1Story",2,1,0,1860,"Detchd","MetalSd","MetalSd",7,4
"1Story",3,2,0,2604,"Attchd","VinylSd","VinylSd",5,7
"1Story",3,2,0,2632,"Attchd","VinylSd","VinylSd",5,7
"2Story",4,1,1,3954,"Attchd","VinylSd","VinylSd",6,6
"1Story",4,1,0,3052,"Basment","HdBoard","HdBoard",6,5
"2Story",3,2,1,3978,"Attchd","VinylSd","VinylSd",5,8
"1Story",3,2,0,3046,"Attchd","Plywood","Plywood",5,6
"1Story",2,2,0,2728,"Attchd","VinylSd","VinylSd",5,7
"2Story",3,2,1,3700,"BuiltIn","HdBoard","HdBoard",6,7
"2Story",3,2,1,4368,"Attchd","VinylSd","VinylSd",5,9
"1.5Fin",3,1,1,3982,"Detchd","MetalSd","MetalSd",7,6
"1Story",2,2,0,2676,"Attchd","CemntBd","CmentBd",5,8
"1Story",2,1,0,1788,"Detchd","MetalSd","MetalSd",4,3
"2Story",5,2,0,4674,"Detchd","Wd Sdng","Wd Sdng",5,5
"1Story",2,1,0,2206,"Detchd","MetalSd","MetalSd",6,6
"1Story",3,1,1,2308,"Attchd","Plywood","Plywood",6,5
"2Story",3,2,1,4520,"Attchd","Wd Sdng","Wd Sdng",5,7
"2Story",3,2,1,3142,"Attchd","VinylSd","VinylSd",7,6
"2Story",4,1,1,3222,"Attchd","HdBoard","HdBoard",6,6
"2Story",5,2,1,5042,"Attchd","CemntBd","CmentBd",4,6
"1.5Unf",2,1,0,1786,"Detchd","MetalSd","MetalSd",7,5
"1Story",3,1,0,2096,"Attchd","MetalSd","MetalSd",5,5
"2Story",4,1,1,3112,"Attchd","MetalSd","MetalSd",6,6
"1.5Fin",4,1,0,2912,"Detchd","MetalSd","MetalSd",3,5
"2Story",3,1,1,2852,"Attchd","HdBoard","Plywood",6,6
"1Story",2,2,0,2480,"Attchd","VinylSd","VinylSd",5,7
"2Story",3,1,1,3480,"Attchd","Wd Sdng","Wd Sdng",6,7
"1.5Fin",3,2,0,2932,"Attchd","Wd Sdng","Wd Sdng",8,5
"1Story",3,1,0,2192,"Attchd","VinylSd","Plywood",5,5
"1Story",1,1,0,1696,"Attchd","VinylSd","VinylSd",5,6
"1Story",3,1,0,1980,"Attchd","VinylSd","VinylSd",5,5
"1Story",3,2,0,2516,"Attchd","VinylSd","VinylSd",7,6
"1Story",3,1,1,2080,"Attchd","HdBoard","HdBoard",5,5
"1Story",3,2,0,2918,"Attchd","VinylSd","VinylSd",5,7
"1Story",3,1,0,2502,"Attchd","HdBoard","HdBoard",6,6
"2Story",3,2,1,2996,"Attchd","HdBoard","HdBoard",5,6
"SFoyer",2,1,0,1992,"Attchd","HdBoard","HdBoard",6,6
"2Story",3,1,1,2184,"Attchd","CemntBd","CmentBd",5,4
"2Story",3,2,1,3906,"Attchd","VinylSd","VinylSd",5,8
"2Story",3,2,0,3418,"Detchd","VinylSd","VinylSd",5,7
"1Story",1,1,1,2494,"Attchd","MetalSd","MetalSd",5,8
"1Story",2,2,0,2080,"Detchd","BrkFace","BrkFace",4,3
"2Story",2,2,1,2504,"Detchd","MetalSd","MetalSd",5,7
"1.5Fin",4,2,0,3388,"Detchd","MetalSd","MetalSd",5,6
"1Story",1,1,1,2400,"Detchd","MetalSd","MetalSd",8,5
"1Story",2,1,0,1872,"Attchd","MetalSd","MetalSd",7,5
"1Story",3,2,0,2628,"Attchd","VinylSd","VinylSd",5,6
"2Story",3,1,1,2710,"0","Wd Sdng","Wd Sdng",7,6
"1Story",2,1,1,2176,"Attchd","HdBoard","HdBoard",5,8
"1.5Fin",3,1,0,2648,"Detchd","MetalSd","MetalSd",6,4
"1Story",3,2,0,3202,"Attchd","Plywood","Plywood",5,7
"1Story",1,1,0,876,"Detchd","Wd Sdng","Wd Sdng",5,2
"1Story",3,1,0,1900,"Detchd","HdBoard","MetalSd",5,5
"1Story",2,1,0,2268,"Attchd","Wd Sdng","Wd Sdng",7,5
"1Story",3,1,0,2388,"BuiltIn","BrkFace","BrkFace",6,6
"2Story",3,2,1,2604,"Detchd","HdBoard","HdBoard",5,5
"2Story",3,2,1,5244,"Attchd","HdBoard","HdBoard",5,8
"1Story",3,2,0,2884,"Attchd","HdBoard","HdBoard",5,7
"2Story",3,2,1,4042,"BuiltIn","VinylSd","VinylSd",5,7
"2Story",3,2,1,3380,"Attchd","VinylSd","VinylSd",5,6
"1Story",3,2,0,3672,"Attchd","MetalSd","MetalSd",5,8
"2Story",3,2,1,3316,"Attchd","HdBoard","HdBoard",5,6
"2Story",4,2,1,3928,"Attchd","Plywood","Plywood",6,7
"1Story",2,1,0,1632,"Detchd","WdShing","Wd Shng",7,5
"1Story",2,1,0,2016,"Attchd","Wd Sdng","Wd Sdng",7,5
"1Story",2,1,0,1666,"Detchd","MetalSd","MetalSd",7,5
"1Story",3,2,0,3468,"Attchd","VinylSd","VinylSd",5,8
"SLvl",3,2,1,2838,"BuiltIn","VinylSd","VinylSd",5,8
"1Story",3,1,0,1788,"Attchd","VinylSd","VinylSd",7,5
"SLvl",3,1,0,3202,"BuiltIn","MetalSd","MetalSd",6,5
"1Story",3,1,0,2080,"Attchd","BrkFace","Wd Sdng",5,5
"1Story",2,1,0,2024,"Detchd","BrkFace","BrkFace",5,6
"1Story",3,2,0,3104,"Attchd","VinylSd","VinylSd",5,7
"1Story",3,1,0,1920,"Basment","AsbShng","AsbShng",3,4
"1Story",2,1,0,1396,"0","VinylSd","VinylSd",9,5
"SLvl",3,2,1,2964,"Attchd","HdBoard","HdBoard",5,7
"1Story",2,1,0,2010,"Detchd","Plywood","Plywood",5,4
"1Story",2,2,0,3110,"Attchd","VinylSd","VinylSd",5,7
"1Story",3,2,0,3060,"Attchd","VinylSd","VinylSd",5,7
"2Story",4,2,1,3918,"BuiltIn","VinylSd","VinylSd",5,7
"SFoyer",2,1,0,1872,"Detchd","MetalSd","MetalSd",5,5
"1.5Fin",4,2,0,3962,"Detchd","WdShing","Plywood",3,4
"1Story",3,1,0,1948,"0","HdBoard","HdBoard",5,5
"2Story",5,2,0,4420,"Detchd","Wd Sdng","Wd Sdng",4,6
"2Story",3,2,1,4040,"Attchd","VinylSd","VinylSd",5,8
"2Story",3,2,1,3200,"Attchd","VinylSd","VinylSd",5,6
"1Story",2,1,0,1972,"Detchd","Wd Sdng","Wd Sdng",5,6
"1.5Fin",3,1,0,2504,"Attchd","VinylSd","VinylSd",5,6
"1.5Fin",2,1,0,2040,"0","VinylSd","VinylSd",8,5
"1Story",2,2,0,3134,"Attchd","Plywood","ImStucc",5,6
"1Story",3,1,0,2334,"Detchd","Stucco","Stucco",5,5
"1Story",2,1,0,1904,"Detchd","HdBoard","HdBoard",7,5
"2Story",4,2,1,3736,"Attchd","Plywood","Plywood",7,5
"2Story",4,3,0,5656,"BuiltIn","VinylSd","VinylSd",5,8
"1Story",3,1,0,2012,"0","Wd Sdng","Plywood",3,5
"1.5Fin",2,1,0,1848,"Detchd","MetalSd","MetalSd",4,4
"1.5Fin",3,1,0,3152,"Detchd","MetalSd","MetalSd",6,5
"1Story",3,2,0,2596,"Attchd","Wd Sdng","Wd Shng",5,6
"2Story",3,1,1,3128,"Attchd","MetalSd","MetalSd",7,7
"1.5Fin",2,1,0,2222,"Detchd","Wd Sdng","Wd Sdng",7,7
"2Story",3,1,0,2964,"Detchd","VinylSd","VinylSd",9,7
"1Story",2,1,0,1864,"Attchd","BrkFace","BrkFace",5,6
"1Story",3,1,1,2932,"Attchd","HdBoard","Plywood",4,5
"1Story",2,1,0,3622,"Attchd","Stone","Stone",7,6
"1Story",2,1,0,1632,"Detchd","Wd Sdng","Wd Sdng",8,6
"2Story",4,1,2,3640,"Attchd","VinylSd","VinylSd",6,7
"1Story",3,2,0,2874,"Attchd","Plywood","Plywood",8,5
"SLvl",3,2,0,2530,"Attchd","BrkFace","BrkFace",8,5
"1Story",2,2,0,2628,"Attchd","VinylSd","VinylSd",5,7
"1Story",3,2,0,3160,"Attchd","VinylSd","VinylSd",5,8
"2Story",4,2,1,3752,"Attchd","HdBoard","HdBoard",6,6
"2Story",3,2,1,2912,"Attchd","Plywood","Brk Cmn",5,6
"1Story",3,1,0,3280,"Detchd","HdBoard","HdBoard",7,6
"1Story",3,1,0,1788,"Attchd","VinylSd","VinylSd",5,5
"SFoyer",0,0,2,2516,"CarPort","Plywood","Plywood",4,4
"SLvl",2,1,1,2864,"Attchd","Plywood","Plywood",7,5
"1Story",3,2,0,3004,"Attchd","VinylSd","VinylSd",5,7
"1Story",3,2,0,3388,"Attchd","VinylSd","VinylSd",5,8
"2Story",3,2,1,3342,"Attchd","VinylSd","VinylSd",5,6
"2Story",4,2,0,4216,"Basment","Stucco","Stucco",7,6
"2Story",4,3,1,7254,"Attchd","HdBoard","HdBoard",5,10
"SLvl",3,1,0,2236,"Attchd","Plywood","Plywood",6,6
"1Story",3,1,0,2522,"Attchd","MetalSd","MetalSd",6,6
"2Story",2,2,1,2500,"Detchd","MetalSd","MetalSd",5,7
"1.5Fin",3,3,0,5693,"0","MetalSd","MetalSd",6,5
"2Story",4,2,1,4690,"Detchd","Wd Sdng","Wd Sdng",8,6
"1.5Fin",4,2,1,5744,"Attchd","HdBoard","HdBoard",5,8
"1Story",3,1,0,1846,"Attchd","HdBoard","Plywood",5,5
"1.5Fin",3,1,0,2448,"Detchd","MetalSd","MetalSd",8,6
"1.5Fin",3,1,1,2686,"Detchd","Wd Sdng","Wd Sdng",6,5
"1Story",3,1,0,2248,"0","Wd Sdng","Wd Sdng",5,5
"2Story",4,2,1,5028,"Attchd","MetalSd","MetalSd",5,7
"1Story",2,2,0,3304,"Attchd","CemntBd","CmentBd",5,8
"2Story",4,3,1,8952,"Attchd","Wd Sdng","ImStucc",5,10
"1Story",2,1,0,2260,"Detchd","Stucco","Stucco",6,5
"1Story",3,1,1,3144,"2Types","MetalSd","MetalSd",4,5
"1.5Fin",4,1,0,2442,"Attchd","AsbShng","AsbShng",7,5
"2Story",3,2,0,3398,"CarPort","HdBoard","HdBoard",5,3
"1Story",2,2,0,3248,"Attchd","ImStucc","ImStucc",5,8
"2Story",3,2,1,3320,"Attchd","VinylSd","VinylSd",5,7
"2Story",3,2,1,3608,"Attchd","VinylSd","VinylSd",5,7
"1Story",3,1,0,3244,"2Types","MetalSd","MetalSd",4,4
"2Story",2,2,1,2882,"Detchd","MetalSd","MetalSd",5,8
"1.5Fin",3,1,0,2944,"Detchd","VinylSd","VinylSd",8,5
"1Story",2,2,0,2448,"Attchd","VinylSd","VinylSd",5,6
"2Story",4,1,1,2704,"Attchd","HdBoard","HdBoard",7,6
"2Story",3,2,1,2912,"Attchd","VinylSd","VinylSd",5,6
"2Story",4,2,1,3726,"BuiltIn","VinylSd","VinylSd",5,7
"2.5Unf",3,1,0,3380,"Detchd","MetalSd","MetalSd",6,7
"1Story",3,2,0,2424,"Attchd","VinylSd","VinylSd",5,7
"1Story",3,1,1,2764,"Attchd","HdBoard","HdBoard",5,4
"1Story",3,1,0,1728,"Attchd","MetalSd","MetalSd",5,4
"2Story",3,2,1,3558,"Attchd","VinylSd","VinylSd",5,7
"1.5Fin",3,1,0,2696,"Detchd","Wd Sdng","Wd Sdng",8,5
"1Story",3,2,0,3260,"Attchd","VinylSd","VinylSd",5,7
"1Story",3,1,1,2148,"Attchd","HdBoard","HdBoard",6,5
"1Story",3,2,0,4392,"Attchd","HdBoard","HdBoard",7,7
"1Story",2,1,0,2112,"Detchd","HdBoard","HdBoard",4,4
"1Story",3,2,0,3400,"Attchd","VinylSd","VinylSd",5,6
"1Story",3,1,0,2566,"Detchd","MetalSd","MetalSd",7,5
"1Story",3,2,0,3320,"Attchd","VinylSd","VinylSd",5,8
"2Story",3,2,1,3690,"Attchd","Wd Sdng","Wd Sdng",5,6
"1.5Fin",4,2,0,3504,"Basment","Wd Sdng","Wd Sdng",7,8
"1Story",2,1,0,1344,"Attchd","MetalSd","MetalSd",6,4
"SLvl",0,0,0,1920,"Attchd","VinylSd","VinylSd",9,4
"SFoyer",3,1,0,1998,"Attchd","MetalSd","MetalSd",5,5
"1Story",3,1,0,1788,"Detchd","VinylSd","VinylSd",5,5
"1.5Fin",4,2,0,3804,"Attchd","VinylSd","VinylSd",5,6
"1Story",3,2,0,2628,"Attchd","CemntBd","CmentBd",5,8
"1.5Fin",2,1,0,1824,"0","AsbShng","AsbShng",5,4
"2Story",3,1,1,2436,"0","CemntBd","CmentBd",5,6
"1Story",2,1,0,1824,"Attchd","Wd Sdng","Wd Sdng",5,5
"1Story",3,1,0,2422,"Attchd","HdBoard","HdBoard",5,5
"1.5Fin",3,2,0,3692,"Attchd","Wd Sdng","Wd Sdng",6,6
"1Story",4,2,0,4272,"Detchd","Wd Sdng","Wd Sdng",3,5
"2Story",3,2,1,2980,"Attchd","VinylSd","VinylSd",5,7
"SLvl",3,1,0,2276,"Attchd","VinylSd","VinylSd",8,6
"2Story",4,2,1,3866,"BuiltIn","VinylSd","VinylSd",5,6
"1Story",2,1,0,1824,"Detchd","VinylSd","VinylSd",8,5
"1Story",1,1,1,3404,"Attchd","MetalSd","MetalSd",5,9
"SLvl",4,2,0,3014,"Basment","BrkFace","HdBoard",5,5
"1.5Fin",4,2,2,5240,"BuiltIn","Plywood","Plywood",5,5
"SLvl",3,1,0,2380,"Attchd","Wd Sdng","Wd Sdng",6,5
"1Story",2,2,0,2448,"CarPort","HdBoard","HdBoard",5,4
"1Story",3,1,0,2376,"Attchd","Plywood","Plywood",5,5
"2Story",4,1,1,3928,"0","MetalSd","MetalSd",6,5
"2Story",4,1,1,3568,"Detchd","Wd Sdng","Wd Sdng",5,5
"2Story",2,2,1,3252,"BuiltIn","VinylSd","Wd Shng",5,7
"2Story",4,2,1,3896,"BuiltIn","VinylSd","VinylSd",5,7
"1Story",3,1,1,2282,"Detchd","VinylSd","VinylSd",5,6
"1Story",2,2,0,2968,"Attchd","VinylSd","VinylSd",5,8
"2Story",3,2,1,3536,"Attchd","VinylSd","VinylSd",5,7
"1Story",3,2,0,3378,"Attchd","VinylSd","VinylSd",6,7
"SFoyer",3,2,0,2346,"Attchd","Plywood","Plywood",6,7
"1Story",2,2,1,4152,"Attchd","VinylSd","VinylSd",5,10
"2Story",3,1,0,3034,"Detchd","BrkFace","Stucco",7,8
"SLvl",3,3,1,3736,"BuiltIn","VinylSd","VinylSd",7,6
"2Story",3,2,1,3106,"Attchd","VinylSd","VinylSd",5,7
"SLvl",3,1,0,2068,"Attchd","HdBoard","HdBoard",5,6
"2.5Unf",3,1,1,4116,"Detchd","AsbShng","AsbShng",5,6
"1Story",3,1,0,1976,"Attchd","MetalSd","MetalSd",7,5
"1Story",3,2,1,4220,"Attchd","BrkFace","BrkFace",5,7
"1Story",2,2,0,2810,"Attchd","VinylSd","Wd Shng",5,7
"1Story",3,1,0,1748,"Attchd","HdBoard","HdBoard",6,5
"2Story",3,2,1,4334,"Attchd","Wd Sdng","Wd Sdng",7,7
"2Story",3,2,1,3312,"BuiltIn","VinylSd","VinylSd",5,7
"1.5Fin",3,1,0,2734,"Detchd","Wd Sdng","Wd Sdng",6,6
"1Story",2,2,0,3974,"Attchd","HdBoard","HdBoard",5,8
"1Story",2,1,0,1728,"0","Wd Sdng","Wd Sdng",8,5
"SLvl",2,2,0,2332,"Attchd","VinylSd","VinylSd",5,7
"1Story",3,1,1,2108,"Attchd","HdBoard","HdBoard",8,6
"2Story",3,2,1,3350,"BuiltIn","VinylSd","VinylSd",5,6
"1Story",2,1,0,2100,"Attchd","MetalSd","MetalSd",6,5
"1.5Fin",5,1,0,3576,"Attchd","Wd Sdng","Wd Sdng",5,4
"2Story",3,1,0,3648,"Detchd","Wd Sdng","Wd Sdng",6,6
"1Story",2,2,0,2674,"Attchd","MetalSd","MetalSd",5,6
"2Story",3,2,1,2904,"Detchd","MetalSd","MetalSd",5,7
"2.5Unf",4,1,1,3778,"Detchd","Wd Sdng","Wd Sdng",4,7
"1Story",3,2,0,4036,"Attchd","Stucco","CmentBd",5,9
"1.5Fin",4,3,1,6894,"BuiltIn","Stucco","Stucco",9,8
"1.5Fin",3,1,1,3048,"Attchd","MetalSd","MetalSd",5,5
"1Story",0,0,1,3048,"Attchd","Plywood","Plywood",6,7
"1Story",3,2,0,2978,"Attchd","BrkFace","BrkFace",7,6
"1Story",3,1,0,1870,"Attchd","HdBoard","Plywood",6,5
"SLvl",2,1,0,2714,"Basment","Plywood","Plywood",7,6
"1.5Fin",3,2,0,2500,"Detchd","Wd Sdng","Wd Shng",6,5
"2Story",4,2,0,3840,"Detchd","AsbShng","AsbShng",5,5
"2Story",3,1,1,2790,"Attchd","HdBoard","Plywood",6,6
"SLvl",3,1,1,3448,"Attchd","HdBoard","HdBoard",5,6
"2Story",3,2,1,4062,"Attchd","VinylSd","VinylSd",5,8
"1.5Fin",2,1,0,2256,"Detchd","MetalSd","MetalSd",4,4
"1Story",3,2,0,3146,"Attchd","VinylSd","VinylSd",5,7
"1Story",2,2,0,2678,"Attchd","HdBoard","HdBoard",5,7
"1Story",3,2,0,2080,"Detchd","HdBoard","HdBoard",7,5
"2Story",4,2,2,3648,"0","MetalSd","Wd Shng",5,6
"1.5Fin",4,2,0,4894,"Detchd","Wd Sdng","Wd Shng",7,6
"1.5Fin",4,1,0,2824,"Detchd","MetalSd","MetalSd",6,6
"1Story",3,1,1,2656,"Attchd","HdBoard","HdBoard",5,6
"1Story",4,2,0,3164,"Attchd","Wd Sdng","Wd Sdng",5,5
"1Story",2,2,0,3318,"Attchd","CemntBd","CmentBd",5,8
"2Story",3,2,1,3940,"BuiltIn","VinylSd","VinylSd",5,8
"SLvl",3,1,0,2304,"Attchd","Wd Sdng","HdBoard",7,5
"2Story",3,2,1,2604,"Detchd","CemntBd","CmentBd",7,5
"2Story",4,2,0,4744,"Attchd","Wd Sdng","Wd Sdng",4,5
"2Story",4,2,1,3328,"Attchd","HdBoard","HdBoard",5,7
"1Story",2,1,0,1728,"Detchd","WdShing","Plywood",7,5
"1Story",3,1,1,2104,"Attchd","HdBoard","HdBoard",5,5
"1Story",3,2,0,2256,"Attchd","MetalSd","MetalSd",6,5
"SFoyer",2,2,0,2144,"Basment","VinylSd","VinylSd",5,6
"2Story",3,2,1,11284,"Attchd","Stucco","Stucco",5,10
"1Story",3,1,1,2492,"Attchd","BrkFace","BrkFace",7,5
"2Story",3,2,1,3966,"Attchd","VinylSd","VinylSd",5,7
"2Story",3,1,0,2988,"Attchd","Wd Sdng","Wd Sdng",7,6
"2Story",4,2,1,5052,"Attchd","VinylSd","VinylSd",5,8
"1Story",3,2,0,3232,"Attchd","VinylSd","VinylSd",5,7
"2Story",3,2,0,3416,"Detchd","VinylSd","VinylSd",5,7
"1Story",2,2,0,3304,"Attchd","VinylSd","VinylSd",5,9
"1Story",2,2,0,2736,"Attchd","VinylSd","VinylSd",5,7
"1Story",3,1,0,1980,"Detchd","VinylSd","VinylSd",5,5
"1Story",2,1,0,2244,"Attchd","MetalSd","MetalSd",7,5
"1Story",3,2,0,2588,"Attchd","HdBoard","HdBoard",5,6
"1Story",3,2,0,3804,"Attchd","BrkFace","HdBoard",8,7
"1Story",3,2,0,2548,"Attchd","VinylSd","VinylSd",5,7
"2Story",4,2,1,5620,"Attchd","Wd Sdng","Wd Sdng",5,8
"2Story",4,2,1,5198,"BuiltIn","VinylSd","VinylSd",5,9
"1Story",3,1,0,1896,"Detchd","Wd Sdng","Wd Sdng",6,4
"2Story",4,2,1,4224,"Attchd","HdBoard","HdBoard",5,6
"1Story",3,2,0,3260,"Attchd","VinylSd","VinylSd",5,8
"1Story",2,2,0,2704,"Attchd","VinylSd","VinylSd",5,7
"1Story",3,2,0,3574,"Attchd","VinylSd","VinylSd",5,8
"1Story",3,1,0,1896,"Attchd","Wd Sdng","Wd Sdng",5,4
"1Story",3,1,1,2956,"Attchd","BrkFace","BrkFace",3,6
"1Story",2,1,0,1440,"Detchd","VinylSd","VinylSd",6,3
"2Story",3,2,1,3846,"Attchd","HdBoard","HdBoard",5,7
"1Story",2,1,0,1416,"0","VinylSd","VinylSd",7,4
"1Story",2,2,0,3590,"Attchd","VinylSd","VinylSd",5,8
"1Story",2,1,0,1592,"0","AsbShng","AsbShng",4,4
"1Story",3,1,0,1548,"0","MetalSd","MetalSd",6,3
"1Story",3,1,0,1632,"Attchd","VinylSd","VinylSd",9,5
"1.5Fin",5,2,0,5584,"Detchd","BrkFace","Wd Sdng",7,6
"2Story",3,2,1,3264,"Attchd","VinylSd","VinylSd",5,7
"1Story",3,2,0,3176,"Attchd","VinylSd","VinylSd",5,8
"SLvl",3,1,0,1908,"Detchd","MetalSd","MetalSd",5,5
"1Story",2,1,0,1632,"Detchd","MetalSd","MetalSd",6,4
"1.5Fin",2,1,1,2720,"Detchd","Wd Sdng","Wd Sdng",6,5
"2Story",3,1,1,2730,"Attchd","HdBoard","HdBoard",6,5
"1Story",2,2,0,2668,"Attchd","Plywood","Plywood",5,6
"1Story",4,2,0,3312,"Detchd","Plywood","Plywood",5,5
"1Story",2,1,0,1386,"0","Wd Sdng","Wd Sdng",4,4
"2Story",3,2,1,3722,"BuiltIn","VinylSd","VinylSd",5,7
"1Story",3,1,0,1728,"Attchd","MetalSd","MetalSd",7,5
"1Story",3,1,0,1744,"Detchd","MetalSd","MetalSd",5,4
"1Story",3,1,0,2228,"Detchd","VinylSd","VinylSd",5,6
"2Story",3,2,1,4338,"Attchd","VinylSd","VinylSd",5,8
"1.5Fin",3,1,1,3826,"Detchd","BrkFace","Stone",6,6
"2Story",3,2,1,2912,"Attchd","VinylSd","VinylSd",5,7
"1Story",2,1,0,1920,"Detchd","MetalSd","MetalSd",4,4
"1Story",3,2,0,4312,"Attchd","BrkFace","HdBoard",7,7
"1Story",3,2,0,3552,"Attchd","VinylSd","VinylSd",5,8
"1Story",3,2,0,2988,"Attchd","VinylSd","VinylSd",5,7
"2Story",4,2,0,4511,"0","MetalSd","MetalSd",5,8
"2Story",6,2,2,5268,"Detchd","MetalSd","MetalSd",5,5
"2Story",4,1,1,3432,"Attchd","HdBoard","HdBoard",6,6
"1.5Fin",2,1,0,2352,"Detchd","MetalSd","MetalSd",9,6
"1.5Fin",4,2,1,6476,"Attchd","VinylSd","VinylSd",5,8
"2Story",3,2,1,3730,"Attchd","VinylSd","VinylSd",5,7
"SLvl",4,3,0,3840,"Attchd","MetalSd","MetalSd",6,7
"1Story",3,1,0,1784,"Attchd","HdBoard","HdBoard",5,5
"1Story",3,1,1,2156,"Attchd","VinylSd","VinylSd",6,5
"2Story",3,2,1,3146,"Detchd","MetalSd","MetalSd",5,6
"1Story",3,2,0,3960,"Attchd","VinylSd","VinylSd",5,9
"2Story",4,3,1,5202,"BuiltIn","MetalSd","Wd Sdng",6,5
"1Story",3,2,0,3060,"Attchd","VinylSd","VinylSd",5,7
"1.5Fin",4,2,0,3476,"Attchd","VinylSd","VinylSd",4,4
"2Story",3,2,1,2824,"BuiltIn","VinylSd","VinylSd",5,6
"2Story",2,2,1,2320,"Detchd","MetalSd","MetalSd",5,7
"2Story",3,2,1,3348,"Attchd","VinylSd","VinylSd",5,7
"2Story",3,2,1,3580,"Attchd","VinylSd","VinylSd",5,7
"2Story",4,2,0,2950,"Attchd","CemntBd","CmentBd",6,5
"1Story",1,1,0,1696,"Attchd","VinylSd","VinylSd",5,6
"1Story",3,2,0,3336,"Attchd","VinylSd","VinylSd",5,8
"1.5Fin",2,1,0,2748,"Detchd","CBlock","CBlock",6,4
"SLvl",3,1,0,3322,"BuiltIn","AsbShng","AsbShng",6,6
"2Story",3,2,1,4194,"Detchd","VinylSd","VinylSd",6,7
"1Story",2,2,1,5266,"Attchd","VinylSd","VinylSd",5,10
"2Story",3,2,1,3916,"Attchd","CemntBd","CmentBd",5,7
"1Story",3,2,0,3142,"Attchd","VinylSd","VinylSd",5,8
"1Story",2,1,0,1580,"Detchd","Wd Sdng","Wd Sdng",5,6
"1.5Fin",3,2,0,3208,"Detchd","Wd Sdng","Wd Sdng",5,5
"2Story",2,1,1,1974,"Detchd","HdBoard","HdBoard",5,6
"SLvl",3,2,1,2788,"BuiltIn","VinylSd","VinylSd",5,5
"1Story",2,1,0,1728,"Detchd","Stucco","Stucco",3,3
"1Story",4,2,1,4234,"Attchd","BrkFace","Plywood",7,6
"2Story",4,1,1,3524,"Detchd","Wd Sdng","Wd Sdng",7,7
"1Story",3,2,0,2832,"Attchd","Wd Sdng","Wd Sdng",7,5
"1.5Fin",2,1,0,2516,"Detchd","WdShing","Wd Shng",5,6
"1.5Fin",3,1,0,2308,"Detchd","VinylSd","VinylSd",8,4
"2Story",5,3,1,5568,"Attchd","Plywood","Plywood",5,7
"1.5Fin",5,2,0,5052,"Detchd","Stucco","Stucco",7,6
"1Story",3,2,0,3492,"Attchd","VinylSd","VinylSd",5,9
"1.5Fin",3,1,0,2436,"Detchd","Wd Sdng","Wd Sdng",6,6
"1Story",3,2,0,3050,"Attchd","VinylSd","VinylSd",5,7
"1Story",4,2,0,3168,"Detchd","Plywood","Plywood",5,5
"SFoyer",3,1,0,1800,"Attchd","HdBoard","HdBoard",5,5
"1.5Fin",3,2,0,3824,"Detchd","Wd Sdng","Wd Sdng",7,6
"1Story",2,2,0,3000,"Attchd","VinylSd","VinylSd",5,7
"2Story",4,2,1,4964,"BuiltIn","VinylSd","VinylSd",5,8
"1Story",3,1,0,3374,"Detchd","Wd Sdng","Wd Sdng",5,5
"2Story",4,1,1,3026,"Detchd","MetalSd","MetalSd",8,5
"1.5Fin",3,1,1,3808,"Attchd","VinylSd","Wd Sdng",4,5
"1.5Fin",3,2,1,3216,"Detchd","WdShing","Wd Shng",6,6
"1.5Fin",3,1,0,2316,"BuiltIn","WdShing","Wd Shng",7,6
"2Story",3,2,1,3186,"Attchd","VinylSd","VinylSd",5,6
"1Story",2,2,0,2588,"Attchd","VinylSd","VinylSd",5,7
"1Story",3,2,0,2928,"Attchd","VinylSd","VinylSd",5,8
"1.5Fin",3,1,0,2428,"Detchd","Wd Sdng","Wd Sdng",4,3
"1Story",2,2,0,3292,"Attchd","CemntBd","CmentBd",5,8
"SFoyer",2,1,0,1536,"Detchd","HdBoard","Wd Shng",7,5
"1Story",3,1,0,1666,"0","HdBoard","Plywood",5,5
"2Story",3,1,0,2726,"Detchd","VinylSd","VinylSd",7,4
"2Story",3,2,1,4186,"Attchd","Plywood","Plywood",6,7
"2Story",3,2,1,3680,"Attchd","VinylSd","VinylSd",5,7
"1.5Fin",3,1,1,3336,"Attchd","VinylSd","VinylSd",8,6
"1Story",2,2,0,2080,"Detchd","BrkFace","Stone",5,4
"1Story",2,2,0,3688,"Attchd","VinylSd","VinylSd",5,8
"1.5Fin",4,1,1,3696,"Detchd","Wd Sdng","Wd Sdng",7,6
"1Story",1,2,0,3138,"Attchd","VinylSd","VinylSd",5,7
"2Story",4,2,0,4580,"Detchd","VinylSd","AsbShng",6,4
"2Story",3,2,1,4900,"Attchd","VinylSd","VinylSd",5,8
"1Story",3,1,1,2288,"Detchd","HdBoard","HdBoard",5,5
"1Story",3,2,0,3688,"Attchd","Plywood","Plywood",5,6
"2Story",3,2,1,2832,"Attchd","HdBoard","HdBoard",6,6
"1Story",2,2,0,2138,"Attchd","Plywood","Plywood",5,6
"1Story",1,1,0,1696,"Attchd","VinylSd","VinylSd",5,6
"SLvl",4,2,0,4402,"Attchd","Plywood","Plywood",7,6
"1Story",2,1,0,2688,"Detchd","HdBoard","HdBoard",5,5
"1Story",3,1,0,2504,"Detchd","HdBoard","HdBoard",6,6
"2Story",3,2,1,4254,"Attchd","VinylSd","VinylSd",5,7
"1.5Fin",3,1,1,3116,"Attchd","MetalSd","MetalSd",6,5
"1Story",2,1,0,1608,"Attchd","MetalSd","MetalSd",7,5
"1Story",3,2,0,2880,"Attchd","MetalSd","MetalSd",7,6
"2Story",4,2,1,3676,"BuiltIn","VinylSd","VinylSd",5,5
"1Story",2,2,0,1916,"Attchd","Plywood","Plywood",6,6
"1Story",4,2,0,1936,"Detchd","Wd Sdng","Wd Sdng",6,4
"2Story",3,2,1,3584,"Attchd","VinylSd","VinylSd",5,6
"1Story",3,2,0,2252,"Attchd","BrkFace","BrkFace",5,5
"1Story",3,1,1,3074,"Attchd","Wd Sdng","Wd Sdng",9,6
"1Story",3,1,0,1728,"Detchd","HdBoard","HdBoard",6,4
"1Story",2,2,0,3864,"Attchd","VinylSd","VinylSd",5,8
"1Story",2,1,0,2472,"Attchd","MetalSd","MetalSd",7,6
"SLvl",3,2,1,3450,"Attchd","HdBoard","HdBoard",6,7
"2.5Fin",3,2,0,4726,"Detchd","MetalSd","MetalSd",7,6
"1Story",1,1,0,1696,"Attchd","VinylSd","VinylSd",5,6
"2Story",3,2,1,4014,"Attchd","VinylSd","VinylSd",5,10
"1.5Unf",2,1,0,1904,"Detchd","Wd Sdng","Wd Sdng",6,6
"1Story",3,2,0,2844,"Attchd","VinylSd","VinylSd",5,7
"SFoyer",3,1,0,1826,"Detchd","VinylSd","VinylSd",5,6
"1Story",3,1,0,2376,"Attchd","HdBoard","HdBoard",7,5
"2Story",3,2,1,4180,"Attchd","VinylSd","VinylSd",5,8
"2Story",2,1,1,2692,"Detchd","MetalSd","HdBoard",7,4
"SFoyer",1,1,0,1260,"0","CemntBd","CmentBd",7,5
"2Story",4,2,2,3584,"0","VinylSd","VinylSd",5,5
"1Story",3,2,0,3156,"Attchd","CemntBd","CmentBd",5,8
"SLvl",2,1,0,2144,"Basment","VinylSd","VinylSd",5,5
"1Story",3,1,0,2280,"0","VinylSd","VinylSd",5,5
"1Story",2,2,0,2442,"Attchd","VinylSd","VinylSd",5,7
"2Story",3,2,1,3294,"Attchd","VinylSd","VinylSd",5,6
"1Story",3,2,0,4146,"Attchd","Plywood","Plywood",6,6
"2Story",4,2,0,4680,"Attchd","CemntBd","CmentBd",9,7
"1Story",2,1,0,2156,"Attchd","MetalSd","MetalSd",6,5
"1Story",3,1,1,2512,"Attchd","HdBoard","HdBoard",6,5
